{"loss": [0.03145333006978035, 0.008964159525930882, 0.007129820995032787, 0.006395124830305576, 0.00580197898671031, 0.0053291842341423035, 0.004873432219028473, 0.004513647872954607, 0.004204814322292805, 0.003968290518969297, 0.003799158614128828, 0.003645813325420022, 0.0035537697840481997, 0.003458739258348942, 0.003383324947208166, 0.003289632499217987, 0.0032289051450788975, 0.0031567434780299664, 0.0030609238892793655, 0.00301163736730814, 0.002945705084130168, 0.0028536426834762096, 0.002817684318870306, 0.002727234037593007, 0.0026687283534556627, 0.002629874274134636, 0.0025727953761816025, 0.002529884921386838, 0.002504466101527214, 0.002447693143039942, 0.0024129927624017, 0.00239001982845366, 0.002369183348491788, 0.0023167829494923353, 0.00232260231859982, 0.002294893143698573, 0.0022649255115538836, 0.0022264074068516493, 0.002228282392024994, 0.002209009602665901], "mean_absolute_percentage_error": [52.281036376953125, 31.798484802246094, 27.638559341430664, 25.910104751586914, 24.533720016479492, 23.421316146850586, 22.207130432128906, 21.129182815551758, 20.121156692504883, 19.40009880065918, 18.791475296020508, 18.29511070251465, 17.917163848876953, 17.681459426879883, 17.421409606933594, 17.10542869567871, 16.866317749023438, 16.667112350463867, 16.365346908569336, 16.204864501953125, 15.961792945861816, 15.726569175720215, 15.52640151977539, 15.288801193237305, 15.082730293273926, 14.953585624694824, 14.789609909057617, 14.603971481323242, 14.493624687194824, 14.310779571533203, 14.210494041442871, 14.105469703674316, 14.004142761230469, 13.869484901428223, 13.815686225891113, 13.685285568237305, 13.635799407958984, 13.483135223388672, 13.484146118164062, 13.394290924072266], "val_loss": [0.0106052840128541, 0.007112256251275539, 0.006264873780310154, 0.005801788065582514, 0.005241168197244406, 0.004698548931628466, 0.0044931708835065365, 0.004183830693364143, 0.003899212460964918, 0.003692850237712264, 0.0035038625355809927, 0.003575837705284357, 0.003259476041421294, 0.0033259361516684294, 0.0035264594480395317, 0.0032320411410182714, 0.0032727885991334915, 0.0030178932938724756, 0.0030395013745874166, 0.0029117462690919638, 0.002860897919163108, 0.00281151314266026, 0.0027175534050911665, 0.002671868773177266, 0.002510281978175044, 0.0024955205153673887, 0.0024192575365304947, 0.0023286580108106136, 0.002388435648754239, 0.002281610621139407, 0.0023205403704196215, 0.002276807092130184, 0.0022716785315424204, 0.002257847459986806, 0.0022822374012321234, 0.0022444194182753563, 0.0022059129551053047, 0.0022441851906478405, 0.0021812377963215113, 0.0022104920353740454], "val_mean_absolute_percentage_error": [17999.169921875, 14369.349609375, 12683.9892578125, 12304.248046875, 11746.537109375, 11398.4375, 11022.1904296875, 10216.6181640625, 10233.4404296875, 9322.6875, 8908.9423828125, 8989.169921875, 8742.150390625, 8309.4619140625, 8423.21484375, 7793.7529296875, 8731.7373046875, 7766.470703125, 8200.732421875, 7899.59326171875, 8131.50732421875, 8060.302734375, 7715.11279296875, 7719.044921875, 7027.3857421875, 7087.84619140625, 6826.22119140625, 6564.474609375, 6185.58447265625, 6029.00390625, 6063.1318359375, 6280.39794921875, 5988.03271484375, 6084.39111328125, 5930.0498046875, 6009.6552734375, 6175.57177734375, 5892.59912109375, 6077.7646484375, 5674.34619140625]}