{"loss": [0.027007048949599266, 0.007841735146939754, 0.006391116883605719, 0.005480034276843071, 0.004834498278796673, 0.004314765799790621, 0.0039956518448889256, 0.003760503837838769, 0.0034875504206866026, 0.0033602239564061165, 0.003164013149216771, 0.002981733763590455, 0.0028309510089457035, 0.002742436248809099, 0.0026277920696884394, 0.0024949638172984123, 0.002412803703919053, 0.0023228570353239775, 0.002251775935292244, 0.00220851949416101, 0.002139250747859478, 0.0020942988339811563, 0.0020469953306019306, 0.0019955865573138, 0.0019699919503182173, 0.0019366731867194176, 0.0019115365575999022, 0.0018833271460607648, 0.0018639412010088563, 0.0018215413438156247, 0.0017979319673031569, 0.0017832767916843295, 0.0017614222597330809, 0.0017239140579476953, 0.0017120742704719305, 0.001697152853012085, 0.0016858462477102876, 0.001670938916504383, 0.0016594910994172096, 0.0016287930775433779], "mean_absolute_percentage_error": [47.89110565185547, 29.405792236328125, 26.033193588256836, 23.853727340698242, 22.06793212890625, 20.643827438354492, 19.609752655029297, 18.83151626586914, 18.064069747924805, 17.613933563232422, 17.025590896606445, 16.51331329345703, 16.032461166381836, 15.709260940551758, 15.351880073547363, 14.910477638244629, 14.659660339355469, 14.303977012634277, 14.071525573730469, 13.862775802612305, 13.59354019165039, 13.457951545715332, 13.26781940460205, 13.060112953186035, 12.941121101379395, 12.822028160095215, 12.665756225585938, 12.569619178771973, 12.49716854095459, 12.317047119140625, 12.234596252441406, 12.158706665039062, 12.056547164916992, 11.90684986114502, 11.882039070129395, 11.824516296386719, 11.751057624816895, 11.685710906982422, 11.593318939208984, 11.514829635620117], "val_loss": [0.007307362277060747, 0.005612670909613371, 0.005156473256647587, 0.0043440815061330795, 0.0038311881944537163, 0.0034989011473953724, 0.003289209445938468, 0.003318133996799588, 0.0029357115272432566, 0.00284755346365273, 0.002700862241908908, 0.002494539599865675, 0.002429238986223936, 0.0023486719001084566, 0.0021132424008101225, 0.0020417210180312395, 0.002049295697361231, 0.001923896954394877, 0.0018725059926509857, 0.0017507682787254453, 0.0017356056487187743, 0.0017159201670438051, 0.0017057345248758793, 0.0016416891012340784, 0.0016493524890393019, 0.001696550054475665, 0.001614811597391963, 0.001582989702001214, 0.0015779954846948385, 0.001621274626813829, 0.001651650876738131, 0.0016210213070735335, 0.0015740226954221725, 0.0015908608911558986, 0.00157070136629045, 0.00161218480207026, 0.001590135507285595, 0.001551611116155982, 0.0014619597932323813, 0.00153865828178823], "val_mean_absolute_percentage_error": [13215.2392578125, 12617.3583984375, 11694.974609375, 11169.5859375, 10441.6962890625, 9801.337890625, 8645.0888671875, 9007.6533203125, 8955.720703125, 8928.46484375, 8753.16015625, 8369.3388671875, 8120.7607421875, 7817.23388671875, 7884.15380859375, 7673.0458984375, 7551.38037109375, 7255.8720703125, 7742.18359375, 6973.251953125, 7102.54248046875, 6979.626953125, 6699.9404296875, 6054.47607421875, 6156.66015625, 5820.53759765625, 6131.27392578125, 6037.029296875, 6238.02880859375, 5949.814453125, 5368.9130859375, 5490.25634765625, 5792.6357421875, 5525.703125, 5824.4677734375, 5193.42724609375, 5508.23388671875, 5693.078125, 5752.99072265625, 5612.62255859375]}