{"loss": [0.03288432955741882, 0.012659171596169472, 0.008889912627637386, 0.008052824065089226, 0.0076779467053711414, 0.007430595345795155, 0.007165926042944193, 0.0068664648570120335, 0.006475634872913361, 0.006153120659291744, 0.005853589624166489, 0.00561175774782896, 0.00537113705649972, 0.005146636161953211, 0.0049626887775957584, 0.00479512382298708, 0.00463132606819272, 0.004517215304076672, 0.0044247363694012165, 0.004353602882474661, 0.004270866513252258, 0.004231359343975782, 0.004184191580861807, 0.004134593065828085, 0.004093836527317762, 0.0040512969717383385, 0.004027634859085083, 0.003971558064222336, 0.003949421923607588, 0.003912933636456728, 0.0038821257185190916, 0.0038637612015008926, 0.0038084289990365505, 0.0038009684067219496, 0.0037849335931241512, 0.003752093994989991, 0.0037230660673230886, 0.003708006115630269, 0.0036767080891877413, 0.003667037235572934], "mean_absolute_percentage_error": [56.57598114013672, 38.7520751953125, 30.923704147338867, 29.581953048706055, 28.84003448486328, 28.256366729736328, 27.542510986328125, 26.601869583129883, 25.405641555786133, 24.34201431274414, 23.452301025390625, 22.80674171447754, 22.23012351989746, 21.70625877380371, 21.274738311767578, 20.886144638061523, 20.473426818847656, 20.1114559173584, 19.83141326904297, 19.596345901489258, 19.358274459838867, 19.226669311523438, 19.07269287109375, 18.93903923034668, 18.818729400634766, 18.686386108398438, 18.58374786376953, 18.454633712768555, 18.367395401000977, 18.25068473815918, 18.157772064208984, 18.10257339477539, 17.962100982666016, 17.9172306060791, 17.874792098999023, 17.78368377685547, 17.716781616210938, 17.652509689331055, 17.561927795410156, 17.50469398498535], "val_loss": [0.0176199059933424, 0.009870421141386032, 0.0088734682649374, 0.008536157198250294, 0.00855212565511465, 0.00812951847910881, 0.007927418686449528, 0.007550228387117386, 0.0072520142421126366, 0.006839957553893328, 0.006606407929211855, 0.006460317876189947, 0.006021326407790184, 0.005995492450892925, 0.005814749281853437, 0.005540910642594099, 0.005281392950564623, 0.005416737869381905, 0.005354981403797865, 0.0053916689939796925, 0.0051596020348370075, 0.0052414522506296635, 0.005209227558225393, 0.005044955760240555, 0.0050484309904277325, 0.004944919142872095, 0.00508820079267025, 0.004979397170245647, 0.005118520464748144, 0.0048057339154183865, 0.004834464751183987, 0.00460814917460084, 0.00476483628153801, 0.004671772476285696, 0.004616791848093271, 0.004865068476647139, 0.00476390216499567, 0.004527198616415262, 0.0046212258748710155, 0.004694404546171427], "val_mean_absolute_percentage_error": [22728.71875, 16604.3984375, 14394.474609375, 12670.44140625, 12478.2265625, 11712.9892578125, 11197.8681640625, 10384.8251953125, 9497.759765625, 8513.783203125, 8360.4970703125, 8034.2509765625, 7788.162109375, 7566.46923828125, 7334.95263671875, 7115.162109375, 6604.701171875, 6386.72607421875, 6103.015625, 5920.56201171875, 5844.4873046875, 5567.408203125, 5620.4228515625, 5231.359375, 5355.78076171875, 5336.48828125, 5556.18701171875, 5575.7939453125, 5794.11669921875, 5920.79150390625, 5687.9296875, 5593.443359375, 6028.65869140625, 5783.9599609375, 5769.306640625, 6146.43505859375, 6007.3349609375, 5872.81005859375, 5518.88330078125, 6301.12060546875]}