{"loss": [0.030312996357679367, 0.01188259944319725, 0.009428423829376698, 0.008176259696483612, 0.007639699149876833, 0.007253718562424183, 0.006845222320407629, 0.006449431646615267, 0.006129023618996143, 0.005836637690663338, 0.0055677699856460094, 0.005356842651963234, 0.005202590953558683, 0.005082615651190281, 0.004939178004860878, 0.004801538307219744, 0.004685413558036089, 0.004595554433763027, 0.004504194017499685, 0.004451476037502289, 0.004388747736811638, 0.004338071681559086, 0.004285646602511406, 0.004256916232407093, 0.004210582002997398, 0.004181742202490568, 0.004139701835811138, 0.004115208983421326, 0.0040916381403803825, 0.004065403714776039, 0.004046054091304541, 0.004027139861136675, 0.004008319228887558, 0.003986862022429705, 0.003962069284170866, 0.003952153958380222, 0.003930807579308748, 0.003919330425560474, 0.0039019968826323748, 0.0038802912458777428], "mean_absolute_percentage_error": [57.08229064941406, 37.02962112426758, 31.570478439331055, 29.62491798400879, 28.644319534301758, 27.59821891784668, 26.27900505065918, 24.96698760986328, 23.979463577270508, 23.23090934753418, 22.70222282409668, 22.306241989135742, 21.965347290039062, 21.67054557800293, 21.279199600219727, 20.880191802978516, 20.534221649169922, 20.26039695739746, 19.978736877441406, 19.818809509277344, 19.63402557373047, 19.492361068725586, 19.343608856201172, 19.232580184936523, 19.09602928161621, 19.030914306640625, 18.89617156982422, 18.815719604492188, 18.740272521972656, 18.65309715270996, 18.61167335510254, 18.547128677368164, 18.486572265625, 18.412750244140625, 18.353042602539062, 18.30537986755371, 18.2368106842041, 18.199975967407227, 18.133005142211914, 18.0771427154541], "val_loss": [0.01689966395497322, 0.009559785947203636, 0.008551118895411491, 0.007967480458319187, 0.00802299939095974, 0.007431071251630783, 0.0071961297653615475, 0.006874002516269684, 0.006424391642212868, 0.006051975302398205, 0.005837720353156328, 0.00554030854254961, 0.005428628996014595, 0.005509789101779461, 0.005453560035675764, 0.0052210004068911076, 0.005103247240185738, 0.005123297683894634, 0.005050132516771555, 0.004953474272042513, 0.00502629904076457, 0.004891704302281141, 0.005091805476695299, 0.004780829884111881, 0.004662686493247747, 0.004792969208210707, 0.004657166078686714, 0.004635088611394167, 0.004634003154933453, 0.0048124040476977825, 0.004601326305419207, 0.0047539216466248035, 0.004764373879879713, 0.004549604374915361, 0.004582424182444811, 0.004709139931946993, 0.0045700292102992535, 0.004572301171720028, 0.0046180542558431625, 0.0045310803689062595], "val_mean_absolute_percentage_error": [24923.326171875, 17592.4296875, 14394.3408203125, 12415.6494140625, 11643.333984375, 9820.1884765625, 8841.3623046875, 8086.5595703125, 7966.58837890625, 7761.533203125, 7983.2431640625, 8166.43212890625, 7939.2080078125, 7896.79443359375, 7426.841796875, 6604.15869140625, 6257.78564453125, 5875.2744140625, 5685.8857421875, 5354.32373046875, 5392.6875, 5163.8193359375, 5395.828125, 5237.87158203125, 5248.341796875, 5273.833984375, 5346.744140625, 5573.43798828125, 5386.095703125, 5886.041015625, 5572.07568359375, 5791.03564453125, 5749.84814453125, 5479.8095703125, 5664.16015625, 5775.857421875, 5406.15087890625, 5758.89990234375, 5630.6064453125, 5659.63818359375]}