{"loss": [0.031045280396938324, 0.012946500442922115, 0.009571735747158527, 0.008442746475338936, 0.007790922652930021, 0.007418234832584858, 0.006972154602408409, 0.0065205954015254974, 0.006169918924570084, 0.0058341193944215775, 0.005532959941774607, 0.005313693080097437, 0.005152764730155468, 0.005005160812288523, 0.004906331654638052, 0.004791930317878723, 0.004690724425017834, 0.0046064904890954494, 0.004519039765000343, 0.004446608480066061, 0.004382011014968157, 0.004317207261919975, 0.004265471361577511, 0.0042221155017614365, 0.004177199210971594, 0.0041389986872673035, 0.004100596997886896, 0.004070350434631109, 0.004036661237478256, 0.0040047080256044865, 0.003979808185249567, 0.003947732038795948, 0.0039179339073598385, 0.003897951217368245, 0.003877399256452918, 0.0038529247976839542, 0.0038387570530176163, 0.00380902923643589, 0.0037977395113557577, 0.0037748636677861214], "mean_absolute_percentage_error": [56.6745491027832, 39.34143829345703, 31.730926513671875, 30.043922424316406, 29.034814834594727, 28.074806213378906, 26.735017776489258, 25.3072566986084, 24.215778350830078, 23.361095428466797, 22.736984252929688, 22.263986587524414, 21.921886444091797, 21.54535484313965, 21.256080627441406, 20.93120765686035, 20.612802505493164, 20.377365112304688, 20.11570167541504, 19.87986946105957, 19.675445556640625, 19.492223739624023, 19.33198356628418, 19.18082046508789, 19.060962677001953, 18.95496368408203, 18.827608108520508, 18.72600746154785, 18.63113021850586, 18.517356872558594, 18.438034057617188, 18.334909439086914, 18.248933792114258, 18.16771125793457, 18.09099769592285, 18.014179229736328, 17.96547508239746, 17.872323989868164, 17.823373794555664, 17.742525100708008], "val_loss": [0.018206553533673286, 0.010259115137159824, 0.009513817727565765, 0.008426143787801266, 0.008090564981102943, 0.0077885412611067295, 0.007665922865271568, 0.006956973113119602, 0.006793510634452105, 0.0063373250886797905, 0.0062728398479521275, 0.0056702326983213425, 0.005688111763447523, 0.0057161361910402775, 0.005600068252533674, 0.005630175583064556, 0.00520997354760766, 0.005388142075389624, 0.005236081313341856, 0.005293072666972876, 0.00536853913217783, 0.005029893480241299, 0.005219138227403164, 0.005200606305152178, 0.004972994793206453, 0.004979867022484541, 0.005026079248636961, 0.005175597034394741, 0.004857716616243124, 0.0049517154693603516, 0.004855388309806585, 0.0049348995089530945, 0.0047588469460606575, 0.004928236827254295, 0.004779782146215439, 0.004739129450172186, 0.0047115241177380085, 0.004820854868739843, 0.004743521101772785, 0.00470022764056921], "val_mean_absolute_percentage_error": [24351.25, 17713.767578125, 15536.7236328125, 13186.8974609375, 11937.099609375, 11343.8603515625, 10612.8125, 9736.001953125, 9368.169921875, 9305.9599609375, 9276.0341796875, 9197.4248046875, 8598.1025390625, 8631.1767578125, 8069.2255859375, 7575.53125, 7011.98046875, 6702.23876953125, 6637.0908203125, 6613.60986328125, 6384.9931640625, 5990.93994140625, 6027.609375, 6054.6240234375, 6032.98974609375, 5846.6943359375, 5723.107421875, 6171.1298828125, 5664.38037109375, 6086.3173828125, 5984.18017578125, 5970.75439453125, 5678.05029296875, 6068.5634765625, 5574.9287109375, 5795.46240234375, 5907.2373046875, 5774.05029296875, 5898.33544921875, 5828.38037109375]}