{"loss": [0.0309135802090168, 0.01288602501153946, 0.009079345501959324, 0.00802328996360302, 0.007685205899178982, 0.007424491923302412, 0.00701891677454114, 0.006639516446739435, 0.006295634899288416, 0.005907937418669462, 0.0055670118890702724, 0.005323274992406368, 0.005125175695866346, 0.004954268224537373, 0.004839939530938864, 0.00473678158596158, 0.004654275719076395, 0.004588263109326363, 0.004521798808127642, 0.0044679767452180386, 0.004418032243847847, 0.004375104792416096, 0.004326737020164728, 0.004274002276360989, 0.004230784252285957, 0.004186715465039015, 0.004148689564317465, 0.004115177784115076, 0.004088436719030142, 0.004052781034260988, 0.004027045797556639, 0.004002802073955536, 0.0039721643552184105, 0.0039545162580907345, 0.003932807128876448, 0.003914970904588699, 0.0038960385136306286, 0.00387911731377244, 0.003862357698380947, 0.003848539898172021], "mean_absolute_percentage_error": [58.42869567871094, 39.27706527709961, 30.908992767333984, 29.437082290649414, 28.80853271484375, 28.130943298339844, 26.842683792114258, 25.548437118530273, 24.534427642822266, 23.563779830932617, 22.8034610748291, 22.220340728759766, 21.74289321899414, 21.283666610717773, 20.9282169342041, 20.625207901000977, 20.36447525024414, 20.17814826965332, 19.974376678466797, 19.815641403198242, 19.664173126220703, 19.526159286499023, 19.372486114501953, 19.21162223815918, 19.09684181213379, 18.95572853088379, 18.84145736694336, 18.736549377441406, 18.642742156982422, 18.53871726989746, 18.461936950683594, 18.379858016967773, 18.30724334716797, 18.24057388305664, 18.162334442138672, 18.10114860534668, 18.042407989501953, 17.98051643371582, 17.936649322509766, 17.883941650390625], "val_loss": [0.01823936402797699, 0.009689323604106903, 0.008127091452479362, 0.008007705211639404, 0.007716997526586056, 0.007378281094133854, 0.007026016246527433, 0.006623100023716688, 0.00627309363335371, 0.006156806834042072, 0.005429062992334366, 0.0054898951202631, 0.005239776335656643, 0.005065967794507742, 0.005024939309805632, 0.00495495880022645, 0.005050988867878914, 0.004878790117800236, 0.004902203101664782, 0.004919892176985741, 0.004870389122515917, 0.004783087410032749, 0.004679488018155098, 0.004675474017858505, 0.004621748346835375, 0.004671209026128054, 0.0044718855060637, 0.004671492148190737, 0.004509735852479935, 0.004545172210782766, 0.004591179080307484, 0.00434832600876689, 0.0044808462262153625, 0.004465376492589712, 0.0045840018428862095, 0.004430405329912901, 0.004380290862172842, 0.0043946229852736, 0.004351395647972822, 0.004340428858995438], "val_mean_absolute_percentage_error": [26281.271484375, 17062.78515625, 13567.24609375, 12327.35546875, 11623.6181640625, 10830.8076171875, 10114.974609375, 9328.8583984375, 9151.931640625, 9136.7548828125, 8474.9365234375, 8361.66796875, 7700.06103515625, 7287.4560546875, 6630.103515625, 6630.35888671875, 6661.90673828125, 6178.83349609375, 6201.02587890625, 6244.2314453125, 6223.779296875, 6057.642578125, 6320.828125, 6237.2216796875, 6410.736328125, 6439.642578125, 6429.28955078125, 6471.23388671875, 6578.90966796875, 6623.3544921875, 6563.4228515625, 6452.49755859375, 6594.19677734375, 6461.32080078125, 6619.892578125, 6404.32373046875, 6447.94775390625, 6286.95361328125, 6411.14501953125, 6235.609375]}