{"loss": [0.027372265234589577, 0.008004391565918922, 0.0064362818375229836, 0.005533979739993811, 0.004845130257308483, 0.0043754721991717815, 0.004011120647192001, 0.0037846623454242945, 0.0035595735535025597, 0.0034400238655507565, 0.003305444261059165, 0.003183339023962617, 0.003102566348388791, 0.002957145683467388, 0.00287390174344182, 0.002786753699183464, 0.002652531024068594, 0.0025725956074893475, 0.002474777167662978, 0.0024319919757544994, 0.0023373307194560766, 0.002289728494361043, 0.0022283666767179966, 0.0022006118670105934, 0.0021348174195736647, 0.0021048455964773893, 0.0020650599617511034, 0.002020083600655198, 0.002016178797930479, 0.0019724182784557343, 0.0019457107409834862, 0.0019264866132289171, 0.0019075297750532627, 0.0018760424572974443, 0.0018565949285402894, 0.0018212402937933803, 0.0018002735450863838, 0.0017977866809815168, 0.001780572347342968, 0.0017667681677266955], "mean_absolute_percentage_error": [48.301300048828125, 29.689756393432617, 26.208545684814453, 23.953773498535156, 22.15143394470215, 20.767986297607422, 19.647315979003906, 18.8073673248291, 18.205385208129883, 17.682024002075195, 17.27348518371582, 16.859966278076172, 16.5715274810791, 16.186044692993164, 15.884512901306152, 15.568008422851562, 15.234991073608398, 14.920439720153809, 14.6555757522583, 14.47685718536377, 14.152120590209961, 14.014537811279297, 13.787230491638184, 13.654916763305664, 13.440326690673828, 13.313887596130371, 13.132356643676758, 13.00084400177002, 12.933730125427246, 12.755979537963867, 12.691051483154297, 12.602849960327148, 12.508499145507812, 12.402020454406738, 12.317899703979492, 12.178892135620117, 12.112529754638672, 12.115574836730957, 11.999292373657227, 11.934759140014648], "val_loss": [0.007724775467067957, 0.005718267522752285, 0.005281609483063221, 0.0045058210380375385, 0.003933862783014774, 0.0036418582312762737, 0.0033804180566221476, 0.0034997952170670033, 0.003420306369662285, 0.003160702995955944, 0.0030040342826396227, 0.0030103898607194424, 0.0028551865834742785, 0.0027067926712334156, 0.0026012533344328403, 0.002544707152992487, 0.0025057303719222546, 0.002283122856169939, 0.00227758614346385, 0.0021260292269289494, 0.002082915510982275, 0.0019679309334605932, 0.001952724065631628, 0.0019221499096602201, 0.0018562213517725468, 0.0018637289758771658, 0.0018419008702039719, 0.0018272206652909517, 0.0018285986734554172, 0.0017606664914637804, 0.001774496166035533, 0.0017840497894212604, 0.0016976010520011187, 0.0017721798503771424, 0.0018546858336776495, 0.0017909783637151122, 0.0017150996718555689, 0.0017440419178456068, 0.001693994621746242, 0.001674201339483261], "val_mean_absolute_percentage_error": [13337.42578125, 12777.9873046875, 13036.193359375, 11600.82421875, 10638.7548828125, 10410.0302734375, 9453.0126953125, 9155.8095703125, 8642.9921875, 8774.025390625, 8451.8642578125, 7776.736328125, 8166.00830078125, 7575.1171875, 8063.46142578125, 8155.51025390625, 8358.5986328125, 7847.005859375, 8066.39599609375, 7704.35888671875, 7958.76171875, 7206.32568359375, 7365.29541015625, 7190.3447265625, 7021.68994140625, 6390.1513671875, 6616.1337890625, 6781.93115234375, 6440.88232421875, 6279.06005859375, 5855.20263671875, 5851.1826171875, 6007.1611328125, 5687.5576171875, 5490.20703125, 5695.01513671875, 5436.17138671875, 6078.3779296875, 6059.43212890625, 5951.98291015625]}