{"loss": [0.02856297977268696, 0.008094408549368382, 0.006223443429917097, 0.005279065575450659, 0.0046981144696474075, 0.004224421922117472, 0.003945562988519669, 0.0036729134153574705, 0.0035208123736083508, 0.0033591780811548233, 0.0032176419626921415, 0.0030809964518994093, 0.002959655364975333, 0.0028597575146704912, 0.002788928570225835, 0.002678175223991275, 0.002545445691794157, 0.0024380022659897804, 0.0023576628882437944, 0.002273890655487776, 0.002177047310397029, 0.0021548273507505655, 0.0020732858683913946, 0.0020395158790051937, 0.0019947763066738844, 0.0019495117012411356, 0.0019235037034377456, 0.001884534489363432, 0.001852907706052065, 0.0018315110355615616, 0.001805628533475101, 0.0017944079590961337, 0.0017804302042350173, 0.0017574839293956757, 0.0017068689921870828, 0.0017104105791077018, 0.0016892029670998454, 0.00167581916321069, 0.0016497665783390403, 0.0016529381973668933], "mean_absolute_percentage_error": [48.87089920043945, 29.904905319213867, 25.884889602661133, 23.39997673034668, 21.639280319213867, 20.376636505126953, 19.462451934814453, 18.598312377929688, 18.062864303588867, 17.526647567749023, 17.1535701751709, 16.69939613342285, 16.365427017211914, 16.034896850585938, 15.763167381286621, 15.432328224182129, 15.034134864807129, 14.750901222229004, 14.462719917297363, 14.200511932373047, 13.8366117477417, 13.698572158813477, 13.473433494567871, 13.308762550354004, 13.097931861877441, 12.9497709274292, 12.834310531616211, 12.646685600280762, 12.531943321228027, 12.448816299438477, 12.277714729309082, 12.272194862365723, 12.177824974060059, 12.063196182250977, 11.936873435974121, 11.89835262298584, 11.801712036132812, 11.713423728942871, 11.652868270874023, 11.63253402709961], "val_loss": [0.007942366413772106, 0.005450680386275053, 0.00460446160286665, 0.003910531755536795, 0.003904457902535796, 0.0034003527835011482, 0.0033241326455026865, 0.003189272712916136, 0.0033046065364032984, 0.0029125430155545473, 0.0028758342377841473, 0.002615475794300437, 0.0025339883286505938, 0.0026793123688548803, 0.0023444893304258585, 0.002305078785866499, 0.002187425270676613, 0.0020255737472325563, 0.001959828892722726, 0.0017884614644572139, 0.0017753539141267538, 0.0017397692427039146, 0.0018362327245995402, 0.0017500719986855984, 0.0017116052331402898, 0.0016926937969401479, 0.0016599427908658981, 0.0016680762637406588, 0.0015951086534187198, 0.0015745738055557013, 0.0015998181188479066, 0.0016069823177531362, 0.0015680092619732022, 0.0015693323221057653, 0.0016187819419428706, 0.0016642272239550948, 0.001494100783020258, 0.0014779791235923767, 0.0015210889978334308, 0.00157287553884089], "val_mean_absolute_percentage_error": [12512.029296875, 12454.333984375, 12355.11328125, 11330.0625, 10648.962890625, 9948.3505859375, 9218.125, 9135.91015625, 9550.880859375, 8378.71875, 8497.80078125, 8368.9755859375, 8222.0224609375, 7984.4140625, 7631.3828125, 7811.89404296875, 7538.45654296875, 7515.3603515625, 7574.5654296875, 7497.5, 7493.63232421875, 7030.74658203125, 6581.318359375, 6946.19384765625, 6654.34912109375, 6231.27490234375, 6073.75, 6570.00048828125, 6743.568359375, 6287.45361328125, 6276.06884765625, 6190.95263671875, 5798.98779296875, 6312.95458984375, 5874.52685546875, 5510.65234375, 5638.77294921875, 5721.140625, 5812.376953125, 5694.81201171875]}