{"loss": [0.021669045090675354, 0.0077448138035833836, 0.006093552336096764, 0.005225819069892168, 0.0045662387274205685, 0.004094113130122423, 0.003752848133444786, 0.003448688192293048, 0.0032355929724872112, 0.0030256062746047974, 0.002849356736987829, 0.0026701590977609158, 0.0025319443084299564, 0.002395077608525753, 0.002305199159309268, 0.0022048503160476685, 0.0021001414861530066, 0.002008351730182767, 0.001983208116143942, 0.0019157474162057042, 0.0018942455062642694, 0.001817677286453545, 0.0018044242169708014, 0.0017750745173543692, 0.0017362522194162011, 0.001702981418929994, 0.001666148891672492, 0.0016588747967034578, 0.0016204745043069124, 0.0016025436343625188, 0.0015920914011076093, 0.001559583586640656, 0.0015307758003473282, 0.001541581004858017, 0.0015029034111648798, 0.0014813006855547428, 0.0014793404843658209, 0.0014487418811768293, 0.0014343695947900414, 0.0014197442214936018], "mean_absolute_percentage_error": [44.556396484375, 29.041278839111328, 25.235258102416992, 22.96337127685547, 21.137065887451172, 19.780656814575195, 18.714311599731445, 17.78947639465332, 17.167400360107422, 16.541107177734375, 15.939946174621582, 15.435982704162598, 14.948622703552246, 14.481852531433105, 14.22863483428955, 13.79008960723877, 13.470624923706055, 13.162626266479492, 12.993972778320312, 12.778956413269043, 12.630075454711914, 12.471563339233398, 12.326790809631348, 12.19023609161377, 12.072032928466797, 11.948155403137207, 11.846789360046387, 11.737156867980957, 11.638072967529297, 11.54295539855957, 11.51084041595459, 11.35158634185791, 11.21667766571045, 11.251679420471191, 11.1316556930542, 11.023709297180176, 10.976456642150879, 10.905986785888672, 10.886977195739746, 10.747535705566406], "val_loss": [0.00681225024163723, 0.005330310203135014, 0.004156884271651506, 0.0037441186141222715, 0.003329101949930191, 0.0032097974326461554, 0.0029593452345579863, 0.0029116508085280657, 0.002405473729595542, 0.0026651446241885424, 0.002268038457259536, 0.0021673724986612797, 0.0021454135421663523, 0.0020826917607337236, 0.001837069750763476, 0.0017713573761284351, 0.001681762863881886, 0.0015708032296970487, 0.0015497865388169885, 0.001578053692355752, 0.001563816680572927, 0.0015486920019611716, 0.001471875119023025, 0.0014711723197251558, 0.0014464706182479858, 0.0015349562745541334, 0.0014210334047675133, 0.0014846540288999677, 0.0013954801252111793, 0.0014576130779460073, 0.0014144520973786712, 0.0013863978674635291, 0.0014610447688028216, 0.0014772315043956041, 0.0015707842539995909, 0.0014530580956488848, 0.0013694328954443336, 0.0013796938583254814, 0.0014189494540914893, 0.0014651125529780984], "val_mean_absolute_percentage_error": [12113.25, 12352.40625, 10696.06640625, 10163.818359375, 8450.2294921875, 8745.8466796875, 7823.40625, 8165.55322265625, 7366.107421875, 7810.53955078125, 8095.7421875, 8010.64306640625, 7389.97314453125, 7823.95654296875, 6814.291015625, 6737.15380859375, 7010.369140625, 6390.3076171875, 6554.63916015625, 6312.7666015625, 7155.203125, 5397.69775390625, 6222.90771484375, 5646.7333984375, 6261.76025390625, 5883.19287109375, 5647.44677734375, 5271.7158203125, 5802.5849609375, 5717.1728515625, 4801.69677734375, 5453.22119140625, 5463.65380859375, 5397.9990234375, 5127.89208984375, 5209.47802734375, 5745.5908203125, 5087.96533203125, 4875.37548828125, 5047.44287109375]}