{"loss": [0.024004124104976654, 0.007662712596356869, 0.00630462309345603, 0.0053781927563250065, 0.004775713663548231, 0.004267870914191008, 0.003997316118329763, 0.0037036316934973, 0.0034880239982157946, 0.003343447344377637, 0.003180763451382518, 0.003079075599089265, 0.0029129821341484785, 0.0028304164297878742, 0.0027223974466323853, 0.002576566068455577, 0.002461720257997513, 0.0023803855292499065, 0.002291064476594329, 0.0022473325952887535, 0.002168631413951516, 0.0021071203518658876, 0.002026383765041828, 0.0020148959010839462, 0.0019643190316855907, 0.0019403112819418311, 0.0018912233645096421, 0.001865471713244915, 0.0018344856798648834, 0.0018053106032311916, 0.0017821461660787463, 0.0017734663560986519, 0.0017333306604996324, 0.0017066799337044358, 0.0016951905563473701, 0.0016607700381428003, 0.001659828471019864, 0.0016508415574207902, 0.0016436467412859201, 0.0016062228241935372], "mean_absolute_percentage_error": [44.467315673828125, 28.54635238647461, 25.582862854003906, 23.42086410522461, 21.673147201538086, 20.243120193481445, 19.353790283203125, 18.535995483398438, 17.843595504760742, 17.396759033203125, 16.876445770263672, 16.590579986572266, 16.12565040588379, 15.842251777648926, 15.485881805419922, 15.065254211425781, 14.689934730529785, 14.428155899047852, 14.127427101135254, 13.901238441467285, 13.652262687683105, 13.416020393371582, 13.176806449890137, 13.083976745605469, 12.865402221679688, 12.756842613220215, 12.61142635345459, 12.456137657165527, 12.338714599609375, 12.256807327270508, 12.154867172241211, 12.110740661621094, 11.961355209350586, 11.86664867401123, 11.788496971130371, 11.649065971374512, 11.671538352966309, 11.591193199157715, 11.561210632324219, 11.440230369567871], "val_loss": [0.006585593335330486, 0.005625576246529818, 0.004598443862050772, 0.004320795182138681, 0.003914360422641039, 0.0035513113252818584, 0.0036154023837298155, 0.003243619343265891, 0.003005798440426588, 0.0028694055508822203, 0.002507946453988552, 0.002568216761574149, 0.0023897108621895313, 0.002476894296705723, 0.0022273524664342403, 0.002204406773671508, 0.0020274983253329992, 0.0019947809632867575, 0.0018390717450529337, 0.0017784081865102053, 0.0017813253216445446, 0.0017249271040782332, 0.0017367396503686905, 0.0016772717935964465, 0.0016596015775576234, 0.0016098086489364505, 0.001555957249365747, 0.0016442359192296863, 0.0016219312092289329, 0.0016016772715374827, 0.0016632050974294543, 0.0015549138188362122, 0.0014982653083279729, 0.0014336260501295328, 0.0015224063536152244, 0.0015509824734181166, 0.0014874576590955257, 0.0014416786143556237, 0.001502147177234292, 0.0015943979378789663], "val_mean_absolute_percentage_error": [11774.47265625, 12314.33203125, 11113.701171875, 10794.0888671875, 9717.3369140625, 9109.0498046875, 9085.970703125, 8651.8642578125, 8617.650390625, 8152.0908203125, 7738.10888671875, 8456.5361328125, 7968.7470703125, 7891.134765625, 8312.974609375, 7857.2275390625, 7231.91259765625, 7255.86962890625, 7297.38427734375, 7159.43701171875, 6558.970703125, 6872.8662109375, 6227.189453125, 6153.1787109375, 6203.5673828125, 6583.626953125, 6076.599609375, 5924.9755859375, 5582.576171875, 5821.267578125, 6090.8203125, 6111.326171875, 5866.45361328125, 5771.7802734375, 5465.48193359375, 5655.56494140625, 5763.15478515625, 6010.87646484375, 5275.572265625, 5479.1064453125]}