{"loss": [0.025865765288472176, 0.008060052059590816, 0.00651714950799942, 0.005605026613920927, 0.004950420930981636, 0.0044715069234371185, 0.0041660345159471035, 0.003876226022839546, 0.0036937992554157972, 0.0035064066760241985, 0.0033537675626575947, 0.003260713769122958, 0.0031442446634173393, 0.003101152600720525, 0.0029981748666614294, 0.002943583996966481, 0.0029018328059464693, 0.0028616737108677626, 0.0027815045323222876, 0.002730791922658682, 0.002700324170291424, 0.002618693048134446, 0.002579961670562625, 0.002547943266108632, 0.0024952469393610954, 0.0024533290416002274, 0.0024329281877726316, 0.0023419195786118507, 0.002302455948665738, 0.002254617866128683, 0.002169662155210972, 0.0021427529864013195, 0.002084080595523119, 0.0020376115571707487, 0.0019900393672287464, 0.0019655588548630476, 0.001908197533339262, 0.0018890292849391699, 0.0018591559492051601, 0.0018266995903104544], "mean_absolute_percentage_error": [47.72599792480469, 29.857418060302734, 26.289657592773438, 24.17656135559082, 22.36771011352539, 20.975961685180664, 20.060056686401367, 19.218822479248047, 18.600088119506836, 18.015748977661133, 17.574478149414062, 17.205610275268555, 16.857168197631836, 16.61587905883789, 16.270334243774414, 16.104028701782227, 15.920785903930664, 15.744195938110352, 15.515682220458984, 15.313153266906738, 15.156340599060059, 14.943428039550781, 14.837661743164062, 14.661975860595703, 14.472336769104004, 14.354783058166504, 14.200968742370605, 13.95065975189209, 13.844472885131836, 13.663314819335938, 13.454387664794922, 13.330595016479492, 13.134042739868164, 12.989603042602539, 12.846658706665039, 12.761460304260254, 12.53841781616211, 12.443171501159668, 12.33368968963623, 12.234615325927734], "val_loss": [0.007662167772650719, 0.0059311846271157265, 0.004971730522811413, 0.004784902557730675, 0.004265092313289642, 0.0037902984768152237, 0.0035602909047156572, 0.003335633547976613, 0.0032709073275327682, 0.0031349847558885813, 0.0031510177068412304, 0.002791082952171564, 0.002709385007619858, 0.002720002783462405, 0.002825089730322361, 0.0025449839886277914, 0.0024558433797210455, 0.002469392726197839, 0.0024215371813625097, 0.002561780158430338, 0.0024698758497834206, 0.0024977312423288822, 0.002397904172539711, 0.0023604934103786945, 0.0023507468868047, 0.0023935327772051096, 0.0023423046804964542, 0.0022629601880908012, 0.002298960695043206, 0.0020819567143917084, 0.0020508922170847654, 0.00203720829449594, 0.0019251956837251782, 0.001868954743258655, 0.001809785608202219, 0.0018076230771839619, 0.0017237613210454583, 0.0017052293987944722, 0.001660398906096816, 0.0016957407351583242], "val_mean_absolute_percentage_error": [13628.5517578125, 13326.55078125, 12371.1533203125, 11631.8798828125, 10881.1611328125, 10844.6865234375, 10122.041015625, 10083.1396484375, 9779.2197265625, 9438.9013671875, 9906.630859375, 9671.8408203125, 9194.71484375, 9010.06640625, 9179.5029296875, 8955.7392578125, 8731.2236328125, 8968.4228515625, 8916.716796875, 8677.171875, 8147.6611328125, 8557.720703125, 8508.6865234375, 8402.1748046875, 8724.15234375, 8098.79248046875, 8047.6064453125, 8271.568359375, 8121.29248046875, 8292.71875, 8025.1201171875, 8374.31640625, 8004.30810546875, 8019.22509765625, 7709.9150390625, 7436.15771484375, 7462.00048828125, 6973.24951171875, 6920.7890625, 6859.0263671875]}