{"loss": [0.03067248873412609, 0.00858696922659874, 0.006936871446669102, 0.0061215125024318695, 0.0055089169181883335, 0.005012895911931992, 0.004595060832798481, 0.004263675305992365, 0.004057649057358503, 0.0038311404641717672, 0.0036900052800774574, 0.003517203964293003, 0.0033766154665499926, 0.0032687673810869455, 0.003193409414961934, 0.0031049519311636686, 0.003021860495209694, 0.0029231333173811436, 0.002873648889362812, 0.002799664158374071, 0.0027311097364872694, 0.002678769174963236, 0.002625925000756979, 0.0025792201049625874, 0.002523184521123767, 0.0024994772393256426, 0.0024602748453617096, 0.002421450801193714, 0.0023904116824269295, 0.0023803478106856346, 0.0023366089444607496, 0.0023245590273290873, 0.0023079777602106333, 0.002268668496981263, 0.0022312754299491644, 0.0022386994678527117, 0.0022217677906155586, 0.002186218975111842, 0.0021716218907386065, 0.002144160447642207], "mean_absolute_percentage_error": [51.48976516723633, 30.717050552368164, 26.984041213989258, 25.199859619140625, 23.72575569152832, 22.30337905883789, 21.115251541137695, 20.124956130981445, 19.47418212890625, 18.85916519165039, 18.37576675415039, 17.904422760009766, 17.48259162902832, 17.14080047607422, 16.897329330444336, 16.600332260131836, 16.32295799255371, 16.086103439331055, 15.841655731201172, 15.617592811584473, 15.382615089416504, 15.158402442932129, 15.004907608032227, 14.812505722045898, 14.611772537231445, 14.482207298278809, 14.350616455078125, 14.268841743469238, 14.133424758911133, 14.071928024291992, 13.928342819213867, 13.830185890197754, 13.814923286437988, 13.612283706665039, 13.540568351745605, 13.518767356872559, 13.485522270202637, 13.346323013305664, 13.308542251586914, 13.207439422607422], "val_loss": [0.00967862457036972, 0.006389391142874956, 0.0060888174921274185, 0.00518118217587471, 0.004637774545699358, 0.004648609086871147, 0.004109794273972511, 0.003802516730502248, 0.0039036760572344065, 0.0035881521180272102, 0.0032882990781217813, 0.003143100766465068, 0.003334271488711238, 0.003170380834490061, 0.003062970470637083, 0.0028186135459691286, 0.0027796041686087847, 0.002754921792075038, 0.0026080776005983353, 0.0027571541722863913, 0.002433743793517351, 0.0023739661555737257, 0.002449651015922427, 0.002355265663936734, 0.002332443604245782, 0.002271678065881133, 0.002278147963806987, 0.0022241012193262577, 0.0021939959842711687, 0.0022063208743929863, 0.0022207112051546574, 0.0021805125288665295, 0.0021849917247891426, 0.002181428484618664, 0.00216533150523901, 0.0021295067854225636, 0.0021366560831665993, 0.0021686237305402756, 0.0020764346700161695, 0.0021198024041950703], "val_mean_absolute_percentage_error": [16310.0234375, 12580.421875, 12398.6357421875, 12170.3369140625, 11382.49609375, 10850.7734375, 9799.0908203125, 9347.3251953125, 9277.931640625, 9360.4658203125, 8370.884765625, 8238.2578125, 8506.962890625, 8467.6201171875, 8060.54345703125, 7675.66015625, 7693.1767578125, 7589.171875, 7157.38134765625, 7783.6015625, 7285.10888671875, 6933.3515625, 6992.69482421875, 6873.76904296875, 6265.50732421875, 6786.7421875, 6542.224609375, 6155.17626953125, 6239.08837890625, 6610.27294921875, 6188.3408203125, 6296.56201171875, 6066.875, 5799.50830078125, 5997.25537109375, 6209.5966796875, 5835.16748046875, 6103.46240234375, 5850.96630859375, 5581.03369140625]}