{"loss": [0.03219923749566078, 0.010851831175386906, 0.009091416373848915, 0.008134708739817142, 0.007521783001720905, 0.007192596327513456, 0.006906631402671337, 0.006527926307171583, 0.006193192210048437, 0.0058986954391002655, 0.005710366647690535, 0.0055140345357358456, 0.005342787131667137, 0.00517192343249917, 0.005005843471735716, 0.004857963416725397, 0.0047384328208863735, 0.004612138494849205, 0.004500960931181908, 0.0044175791554152966, 0.004314877558499575, 0.004252351354807615, 0.004194723442196846, 0.004154043737798929, 0.004099790006875992, 0.004055637866258621, 0.004010655451565981, 0.00398207176476717, 0.003940287046134472, 0.0038824533112347126, 0.0038733151741325855, 0.003836815245449543, 0.0037942547351121902, 0.0037626633420586586, 0.0037489975802600384, 0.0037179195787757635, 0.0036835437640547752, 0.0036701527424156666, 0.0036305696703493595, 0.0036237563472241163], "mean_absolute_percentage_error": [54.91872024536133, 34.84844207763672, 31.026838302612305, 29.492332458496094, 28.413406372070312, 27.626873016357422, 26.782167434692383, 25.643030166625977, 24.53046417236328, 23.639911651611328, 23.008249282836914, 22.498403549194336, 22.111671447753906, 21.739028930664062, 21.37933349609375, 21.059032440185547, 20.787233352661133, 20.45994758605957, 20.179821014404297, 19.921955108642578, 19.636337280273438, 19.444133758544922, 19.288393020629883, 19.15180206298828, 18.991722106933594, 18.8310489654541, 18.72173500061035, 18.617103576660156, 18.486326217651367, 18.362089157104492, 18.295888900756836, 18.183408737182617, 18.075946807861328, 17.96809196472168, 17.919607162475586, 17.82269287109375, 17.7349853515625, 17.70448875427246, 17.554105758666992, 17.522844314575195], "val_loss": [0.014007007703185081, 0.009728309698402882, 0.009142320603132248, 0.008279364556074142, 0.008130080997943878, 0.007820665836334229, 0.00783928669989109, 0.007506214547902346, 0.007034874986857176, 0.006451694760471582, 0.006796752568334341, 0.00655605411157012, 0.006183036603033543, 0.005782430991530418, 0.005692677106708288, 0.005523555912077427, 0.005495114251971245, 0.0052872952073812485, 0.005189062096178532, 0.005277321208268404, 0.0052369399927556515, 0.005264983046799898, 0.00499246921390295, 0.005005044396966696, 0.004753188695758581, 0.004745733458548784, 0.004806954879313707, 0.0049058604054152966, 0.004786824341863394, 0.004751743283122778, 0.004837474785745144, 0.0046631391160190105, 0.004917020443826914, 0.004637254402041435, 0.004613995086401701, 0.004698703531175852, 0.004652673378586769, 0.0044515919871628284, 0.004672086797654629, 0.004622266627848148], "val_mean_absolute_percentage_error": [21484.251953125, 16597.349609375, 14745.8447265625, 12676.181640625, 11940.4501953125, 11089.7275390625, 10766.7236328125, 9865.5029296875, 9420.15234375, 8673.048828125, 8974.2373046875, 9087.8076171875, 8989.4990234375, 8624.201171875, 8525.025390625, 8486.037109375, 8109.59765625, 7561.74267578125, 7954.08935546875, 7351.7900390625, 7237.45166015625, 7013.46044921875, 6755.771484375, 6324.50927734375, 6315.0927734375, 6331.44384765625, 6459.4951171875, 6343.30126953125, 6178.41162109375, 6503.22607421875, 6116.0849609375, 6297.27685546875, 6254.470703125, 6234.5126953125, 6360.64013671875, 6448.0205078125, 6401.2958984375, 6126.3095703125, 6129.32958984375, 6281.859375]}