{"loss": [0.028645459562540054, 0.008866874501109123, 0.0068718683905899525, 0.006061503663659096, 0.005408229306340218, 0.004929152317345142, 0.004559490829706192, 0.00427112216129899, 0.00407038489356637, 0.003855136688798666, 0.0037326649762690067, 0.003568692598491907, 0.003445611335337162, 0.0033265731763094664, 0.003212827257812023, 0.003122597699984908, 0.002973776776343584, 0.0028788051567971706, 0.002809304976835847, 0.002747266786172986, 0.0026677402202039957, 0.0025790429208427668, 0.002557421335950494, 0.002489836886525154, 0.0024712933227419853, 0.0024207490496337414, 0.0023804360534995794, 0.002370287198573351, 0.002319471212103963, 0.002285680267959833, 0.0022535871248692274, 0.002225792733952403, 0.002207418903708458, 0.0021810641046613455, 0.002150836633518338, 0.0021413241047412157, 0.0021362570114433765, 0.002116540912538767, 0.002091736765578389, 0.002055333461612463], "mean_absolute_percentage_error": [50.621124267578125, 31.11663055419922, 27.04891586303711, 25.12398338317871, 23.574552536010742, 22.232378005981445, 21.19638442993164, 20.295679092407227, 19.66269874572754, 19.055158615112305, 18.551753997802734, 18.12887191772461, 17.76129150390625, 17.364723205566406, 17.04127311706543, 16.725696563720703, 16.297119140625, 16.047813415527344, 15.726578712463379, 15.569196701049805, 15.32235336303711, 15.04957103729248, 14.940815925598145, 14.707627296447754, 14.63698673248291, 14.430023193359375, 14.295539855957031, 14.238780975341797, 14.048384666442871, 13.920784950256348, 13.821378707885742, 13.74492359161377, 13.625338554382324, 13.509037971496582, 13.429841041564941, 13.37971019744873, 13.339831352233887, 13.244616508483887, 13.154802322387695, 13.064401626586914], "val_loss": [0.010283296927809715, 0.006649842951446772, 0.006093003787100315, 0.005198639817535877, 0.0046752397902309895, 0.004327523522078991, 0.003981169778853655, 0.0034849396906793118, 0.003933455795049667, 0.0034570973366498947, 0.0034423533361405134, 0.003129294142127037, 0.0030448248144239187, 0.00294121983461082, 0.002888543764129281, 0.0027276219334453344, 0.0026754869613796473, 0.002470094710588455, 0.0024570252280682325, 0.002380943391472101, 0.002319527789950371, 0.00227055000141263, 0.0022460122127085924, 0.002222646027803421, 0.002186913974583149, 0.0021774431224912405, 0.002089401939883828, 0.0022486092057079077, 0.0021489125210791826, 0.0020968832541257143, 0.002077782526612282, 0.002094740979373455, 0.002129805274307728, 0.0020685645285993814, 0.002028519054874778, 0.0020449820440262556, 0.0020832871086895466, 0.002144710859283805, 0.0020871669985353947, 0.0021493942476809025], "val_mean_absolute_percentage_error": [14943.0078125, 12635.091796875, 12635.6474609375, 12007.4189453125, 11304.9306640625, 10784.25390625, 9926.0625, 9049.333984375, 9945.970703125, 8730.126953125, 8780.5341796875, 8696.1201171875, 8263.3427734375, 8132.833984375, 8298.5205078125, 8026.46728515625, 8980.6416015625, 8082.5986328125, 8161.35546875, 7562.30322265625, 8025.0302734375, 7641.943359375, 7098.20947265625, 6847.71044921875, 7192.3291015625, 6941.5380859375, 6726.7734375, 6687.78466796875, 6402.353515625, 6993.34912109375, 7048.50732421875, 6491.49365234375, 6296.8740234375, 6339.86181640625, 6256.19873046875, 6126.60009765625, 6253.4443359375, 5837.34423828125, 5855.42431640625, 5864.3974609375]}