{"loss": [0.03132450208067894, 0.008840708993375301, 0.006791565101593733, 0.005948327481746674, 0.005352692678570747, 0.004890557378530502, 0.004497071728110313, 0.004220694303512573, 0.0039766570553183556, 0.003804638981819153, 0.003649158403277397, 0.00356845511123538, 0.0034635858610272408, 0.0033623625058680773, 0.0032859696075320244, 0.0032163120340555906, 0.0031923784408718348, 0.003077450441196561, 0.0030345041304826736, 0.0029847275000065565, 0.002920923288911581, 0.0028598355129361153, 0.002798127243295312, 0.0027414625510573387, 0.0026632107328623533, 0.002603221917524934, 0.002582110930234194, 0.0025013640988618135, 0.0024687612894922495, 0.002422545338049531, 0.0023781319614499807, 0.002357514575123787, 0.0023254984989762306, 0.0022848041262477636, 0.0022812415845692158, 0.0022566101979464293, 0.002197566209360957, 0.0021956448908895254, 0.002186066471040249, 0.002164969453588128], "mean_absolute_percentage_error": [52.591453552246094, 31.323379516601562, 26.73295783996582, 24.861459732055664, 23.377248764038086, 22.042131423950195, 20.966869354248047, 20.102170944213867, 19.3298397064209, 18.80398941040039, 18.343210220336914, 17.994571685791016, 17.6602840423584, 17.37270164489746, 17.106700897216797, 16.88322639465332, 16.722118377685547, 16.39776039123535, 16.2242374420166, 16.10700225830078, 15.886816024780273, 15.724920272827148, 15.475750923156738, 15.345252990722656, 15.098464965820312, 14.91069221496582, 14.815710067749023, 14.53300952911377, 14.432990074157715, 14.322480201721191, 14.11993408203125, 14.02628231048584, 13.92284870147705, 13.785386085510254, 13.708693504333496, 13.599352836608887, 13.470669746398926, 13.414386749267578, 13.389887809753418, 13.300827980041504], "val_loss": [0.011491439305245876, 0.006465476471930742, 0.005647222977131605, 0.005469353869557381, 0.004690107423812151, 0.0041242120787501335, 0.004007900599390268, 0.0037190828006714582, 0.003618856193497777, 0.00363613641820848, 0.00329547724686563, 0.003264177357777953, 0.0032291545066982508, 0.0031637719366699457, 0.0030908959452062845, 0.0030328163411468267, 0.0029045622795820236, 0.002905065193772316, 0.002837373875081539, 0.0027552968822419643, 0.0028135557658970356, 0.0026005597319453955, 0.002638868521898985, 0.0026060265954583883, 0.0024572366382926702, 0.002524431562051177, 0.002366113243624568, 0.00230922969058156, 0.0023204528260976076, 0.0023537115193903446, 0.0023345849476754665, 0.002222450217232108, 0.0021910234354436398, 0.002208124380558729, 0.002173796994611621, 0.002160959877073765, 0.002205110853537917, 0.002145618898794055, 0.002166884718462825, 0.0020936760120093822], "val_mean_absolute_percentage_error": [15946.26171875, 12755.1796875, 12648.7724609375, 12295.2958984375, 10892.0947265625, 10831.4091796875, 10173.685546875, 9599.2890625, 9171.365234375, 8747.3486328125, 8444.6337890625, 8294.41015625, 8624.48046875, 8181.9443359375, 8102.3779296875, 8147.79736328125, 8188.26806640625, 7947.3623046875, 7677.62109375, 7723.333984375, 8132.22119140625, 7650.67529296875, 7711.68896484375, 7915.7138671875, 7115.61865234375, 7371.076171875, 7258.626953125, 6882.56298828125, 6854.55517578125, 6893.35888671875, 6674.23779296875, 6452.67138671875, 6354.154296875, 6500.951171875, 6401.7236328125, 6197.9736328125, 5891.02783203125, 5566.123046875, 5857.2841796875, 5628.212890625]}