{"loss": [0.030280373990535736, 0.010507237166166306, 0.008552329614758492, 0.007891650311648846, 0.007461389992386103, 0.006989186629652977, 0.006601691711694002, 0.006291445344686508, 0.0060040997341275215, 0.005734926555305719, 0.005494785029441118, 0.005300888326019049, 0.005135517101734877, 0.00497827585786581, 0.004845406860113144, 0.004705911502242088, 0.004595181439071894, 0.004511229693889618, 0.004433143883943558, 0.004380189348012209, 0.004329000134021044, 0.00428771460428834, 0.004237303510308266, 0.004205104894936085, 0.004162550438195467, 0.004124063532799482, 0.00409613735973835, 0.004063774831593037, 0.00403515575453639, 0.0040102615021169186, 0.00398572301492095, 0.0039650918915867805, 0.003946925513446331, 0.003930709324777126, 0.003908473066985607, 0.0038945749402046204, 0.0038816863670945168, 0.0038661968428641558, 0.003852058434858918, 0.003845792030915618], "mean_absolute_percentage_error": [56.32392501831055, 33.922794342041016, 30.24094581604004, 29.201553344726562, 28.07692527770996, 26.547212600708008, 25.2863826751709, 24.385080337524414, 23.601795196533203, 23.008159637451172, 22.46761131286621, 22.048620223999023, 21.673587799072266, 21.278846740722656, 20.930341720581055, 20.533605575561523, 20.196409225463867, 19.942371368408203, 19.70663070678711, 19.538375854492188, 19.380687713623047, 19.240562438964844, 19.095108032226562, 19.001270294189453, 18.85890007019043, 18.745729446411133, 18.642915725708008, 18.535547256469727, 18.44865608215332, 18.356853485107422, 18.278215408325195, 18.207500457763672, 18.130962371826172, 18.084495544433594, 18.021390914916992, 17.960247039794922, 17.910430908203125, 17.87355613708496, 17.821632385253906, 17.799171447753906], "val_loss": [0.012721076607704163, 0.009347275830805302, 0.007937096990644932, 0.007756977807730436, 0.007304854225367308, 0.006967507302761078, 0.006547886878252029, 0.006274477578699589, 0.006168718915432692, 0.005711739417165518, 0.005557462107390165, 0.005581036675721407, 0.005330761894583702, 0.005197289865463972, 0.005103583913296461, 0.004788451828062534, 0.0048751225695014, 0.00478179007768631, 0.004845687188208103, 0.0045995283871889114, 0.004694025497883558, 0.00467645050957799, 0.00472161965444684, 0.0046050758101046085, 0.00458903843536973, 0.004590609110891819, 0.00454040477052331, 0.004632136784493923, 0.004442809149622917, 0.004496557172387838, 0.004481657408177853, 0.004446438048034906, 0.00439009815454483, 0.004404103383421898, 0.00440955488011241, 0.004411544185131788, 0.004318639170378447, 0.004335655365139246, 0.004257408902049065, 0.004322331864386797], "val_mean_absolute_percentage_error": [22581.259765625, 15841.8623046875, 12391.86328125, 11421.32421875, 10965.921875, 10328.8779296875, 9525.1572265625, 8996.896484375, 9241.29296875, 8711.994140625, 8241.36328125, 8152.11083984375, 7780.4716796875, 7684.22900390625, 7187.1357421875, 6656.19677734375, 6578.5673828125, 6434.384765625, 6459.86767578125, 6014.18994140625, 6232.02734375, 6428.37890625, 6510.673828125, 6460.64990234375, 6414.0400390625, 6454.0009765625, 6415.60791015625, 6865.54248046875, 6547.15478515625, 6684.78271484375, 6839.01318359375, 6747.224609375, 6789.61572265625, 6577.81591796875, 6632.89892578125, 6580.56884765625, 6625.4208984375, 6372.17529296875, 6543.1767578125, 6295.42138671875]}