{"loss": [0.030956368893384933, 0.009426873177289963, 0.0071850926615297794, 0.006396385841071606, 0.005793279502540827, 0.005331253632903099, 0.004853549413383007, 0.004499060567468405, 0.004183448385447264, 0.003944677300751209, 0.003755520796403289, 0.003598436713218689, 0.003487848909571767, 0.0034097551833838224, 0.0033123698085546494, 0.003234630450606346, 0.003166899550706148, 0.0030870195478200912, 0.0030441253911703825, 0.002963544335216284, 0.002879708306863904, 0.002872117329388857, 0.002798869041725993, 0.0027409521862864494, 0.0026922370307147503, 0.0026532441843301058, 0.0026283066254109144, 0.0025676903314888477, 0.0025470189284533262, 0.002496886532753706, 0.0024651256389915943, 0.0024315009359270334, 0.0023953504860401154, 0.0023876947816461325, 0.0023462732788175344, 0.002345958724617958, 0.002307501155883074, 0.0022846688516438007, 0.002259815577417612, 0.0022466047666966915], "mean_absolute_percentage_error": [52.44100570678711, 32.44267272949219, 27.555570602416992, 25.769569396972656, 24.4039249420166, 23.302391052246094, 22.124116897583008, 21.000041961669922, 20.028297424316406, 19.294898986816406, 18.701940536499023, 18.213289260864258, 17.855010986328125, 17.571388244628906, 17.28611183166504, 17.052017211914062, 16.807918548583984, 16.577558517456055, 16.420127868652344, 16.147977828979492, 15.89675235748291, 15.777084350585938, 15.589073181152344, 15.427311897277832, 15.216314315795898, 15.099437713623047, 14.961151123046875, 14.761993408203125, 14.682910919189453, 14.507753372192383, 14.417656898498535, 14.267003059387207, 14.176565170288086, 14.084600448608398, 13.962106704711914, 13.951598167419434, 13.81189250946045, 13.701752662658691, 13.646986961364746, 13.560525894165039], "val_loss": [0.011516579426825047, 0.007036327850073576, 0.006380295846611261, 0.005749050993472338, 0.005251365713775158, 0.005059851333498955, 0.004357286728918552, 0.004068706650286913, 0.003719906322658062, 0.0037497396115213633, 0.0035148486495018005, 0.0035833583679050207, 0.003132438752800226, 0.0032374516595155, 0.0030671015847474337, 0.0029268786311149597, 0.003109445096924901, 0.002971537644043565, 0.0028504454530775547, 0.0029962416738271713, 0.0028327496256679296, 0.0027884982991963625, 0.002787153935059905, 0.002589980373159051, 0.0027209497056901455, 0.0025077094323933125, 0.002519944217056036, 0.002463273936882615, 0.0024039247073233128, 0.002405425999313593, 0.0023960270918905735, 0.0023871567100286484, 0.0023395963944494724, 0.002257854910567403, 0.002278381260111928, 0.002262396737933159, 0.002313947072252631, 0.002253631828352809, 0.0022355583496391773, 0.0022320563439279795], "val_mean_absolute_percentage_error": [16469.296875, 13635.6162109375, 12689.3720703125, 11692.384765625, 11273.306640625, 10622.0205078125, 9900.837890625, 10062.7568359375, 9029.8935546875, 9215.0947265625, 8721.9462890625, 8993.662109375, 8617.58984375, 8515.5234375, 8397.0380859375, 7847.8310546875, 8540.671875, 8448.2509765625, 7702.2900390625, 8362.1318359375, 7814.318359375, 7927.32080078125, 7975.09912109375, 7236.79150390625, 8048.1240234375, 7440.4912109375, 7144.82373046875, 6723.73046875, 6993.927734375, 6919.54248046875, 6670.5810546875, 6634.55517578125, 6227.86376953125, 6216.80126953125, 6520.90087890625, 6486.89111328125, 6548.49365234375, 6537.03369140625, 6421.11474609375, 6227.82861328125]}