{"loss": [0.030221423134207726, 0.012729284353554249, 0.008963740430772305, 0.007961043156683445, 0.007657597307115793, 0.0073949904181063175, 0.007003565784543753, 0.006548142526298761, 0.006111786235123873, 0.005742944311350584, 0.0054408893920481205, 0.0052177757024765015, 0.005053504835814238, 0.0049134232103824615, 0.0047733536921441555, 0.00467430567368865, 0.0045836628414690495, 0.004509331192821264, 0.004450831096619368, 0.00438624806702137, 0.004335483536124229, 0.004281839821487665, 0.004228883422911167, 0.004185903817415237, 0.0041320896707475185, 0.004103729035705328, 0.0040733665227890015, 0.004044920206069946, 0.0040225922130048275, 0.003990599885582924, 0.0039719464257359505, 0.0039481837302446365, 0.00393241923302412, 0.0039143371395766735, 0.003892329055815935, 0.0038861145731061697, 0.003864307189360261, 0.0038477990310639143, 0.0038428495172411203, 0.003834424540400505], "mean_absolute_percentage_error": [57.29935073852539, 38.98783874511719, 30.908552169799805, 29.40418815612793, 28.80617904663086, 28.137910842895508, 26.946714401245117, 25.519115447998047, 24.36240005493164, 23.430816650390625, 22.687694549560547, 22.093671798706055, 21.668485641479492, 21.272432327270508, 20.876590728759766, 20.562564849853516, 20.251068115234375, 20.039220809936523, 19.82990837097168, 19.645254135131836, 19.48519515991211, 19.308971405029297, 19.16316032409668, 19.02570343017578, 18.870878219604492, 18.774072647094727, 18.664165496826172, 18.557106018066406, 18.47590446472168, 18.373430252075195, 18.302467346191406, 18.223957061767578, 18.152666091918945, 18.088430404663086, 18.002443313598633, 17.973590850830078, 17.90333366394043, 17.854496002197266, 17.82524871826172, 17.79672622680664], "val_loss": [0.018196361139416695, 0.009742941707372665, 0.00848577730357647, 0.008003945462405682, 0.007694178260862827, 0.007541611324995756, 0.006993171758949757, 0.006556998006999493, 0.006148443091660738, 0.006019905675202608, 0.005576361436396837, 0.005333149805665016, 0.005400810856372118, 0.005175084341317415, 0.004969569854438305, 0.004918772727251053, 0.0049378518015146255, 0.005044036079198122, 0.0049572414718568325, 0.0048314961604774, 0.004796945955604315, 0.004614514764398336, 0.00468142656609416, 0.00472439406439662, 0.004693098831921816, 0.004606748931109905, 0.00458795391023159, 0.004693460185080767, 0.004531010054051876, 0.004466148559004068, 0.004636344034224749, 0.004612589254975319, 0.004630583338439465, 0.0045258463360369205, 0.0045043835416436195, 0.00448783952742815, 0.0045152874663472176, 0.004480409901589155, 0.0044487654231488705, 0.004505679477006197], "val_mean_absolute_percentage_error": [25602.490234375, 17559.83984375, 13729.0048828125, 12586.1279296875, 11686.703125, 11686.4814453125, 10926.869140625, 10721.1708984375, 10678.3271484375, 9994.255859375, 8982.658203125, 8458.11328125, 8310.2880859375, 7959.02392578125, 7037.09912109375, 6464.67724609375, 6427.49609375, 6295.4365234375, 6100.79443359375, 5859.5634765625, 5650.89111328125, 5489.76171875, 5783.35888671875, 5797.62890625, 5631.78125, 5651.0595703125, 5581.74169921875, 5654.3134765625, 5745.2900390625, 5705.0849609375, 6003.3154296875, 5928.75, 5917.57080078125, 5805.4267578125, 6037.212890625, 6001.203125, 6051.34033203125, 6025.34716796875, 5978.0029296875, 6038.29052734375]}