{"loss": [0.030731484293937683, 0.01232568547129631, 0.009079281240701675, 0.007962917909026146, 0.007602507248520851, 0.007181020453572273, 0.006671103183180094, 0.00628177123144269, 0.005966534838080406, 0.005695271771401167, 0.005458279978483915, 0.005257826764136553, 0.00508174579590559, 0.004900549538433552, 0.004744039382785559, 0.004634475335478783, 0.0045396145433187485, 0.004479783587157726, 0.004414102528244257, 0.004366973415017128, 0.0043235355988144875, 0.004286689218133688, 0.0042506936006248, 0.004209462087601423, 0.004182953853160143, 0.0041553545743227005, 0.004126697778701782, 0.004097469616681337, 0.004075006581842899, 0.00404927134513855, 0.004027476534247398, 0.004004293587058783, 0.00398245919495821, 0.003957798704504967, 0.003942234441637993, 0.003924401942640543, 0.003909415099769831, 0.003896308597177267, 0.0038798637688159943, 0.0038703258614987135], "mean_absolute_percentage_error": [58.027435302734375, 38.139930725097656, 30.868377685546875, 29.33061981201172, 28.530975341796875, 27.25735855102539, 25.56960678100586, 24.27724838256836, 23.426212310791016, 22.869285583496094, 22.385961532592773, 21.99378204345703, 21.5777587890625, 21.090049743652344, 20.652660369873047, 20.330551147460938, 20.048751831054688, 19.873214721679688, 19.67777442932129, 19.538951873779297, 19.401681900024414, 19.280920028686523, 19.1755313873291, 19.04912567138672, 18.961641311645508, 18.858198165893555, 18.768043518066406, 18.680530548095703, 18.60373306274414, 18.515520095825195, 18.433862686157227, 18.382165908813477, 18.298864364624023, 18.221986770629883, 18.170555114746094, 18.113569259643555, 18.05848503112793, 18.023408889770508, 17.973424911499023, 17.93759536743164], "val_loss": [0.017708303406834602, 0.00966685451567173, 0.008147843182086945, 0.007815228775143623, 0.007532620802521706, 0.007100917864590883, 0.006824927870184183, 0.0063781836070120335, 0.0058377827517688274, 0.005701972637325525, 0.005564493127167225, 0.005432345904409885, 0.005193065851926804, 0.005079539958387613, 0.004846007563173771, 0.0048486292362213135, 0.004883677698671818, 0.004807747900485992, 0.004631665535271168, 0.0048993173986673355, 0.004697272088378668, 0.004823620896786451, 0.004752942360937595, 0.004627207759767771, 0.004724171012639999, 0.0046609025448560715, 0.004699312150478363, 0.00460095563903451, 0.004549832548946142, 0.004562226124107838, 0.0045412685722112656, 0.00440032547339797, 0.0044626714661717415, 0.004584889858961105, 0.004542165901511908, 0.004442657344043255, 0.0045421067625284195, 0.004426418337970972, 0.004353229887783527, 0.004342448431998491], "val_mean_absolute_percentage_error": [25714.935546875, 17146.123046875, 13483.859375, 12216.25390625, 11063.9189453125, 9955.4521484375, 8973.564453125, 8451.96875, 8406.7197265625, 8536.767578125, 8564.2333984375, 8344.4736328125, 7529.95263671875, 6915.384765625, 6048.11669921875, 5742.638671875, 5817.51611328125, 5525.18798828125, 5298.9892578125, 5542.60400390625, 5318.58642578125, 5464.34423828125, 5528.49169921875, 5315.791015625, 5263.47705078125, 5251.36376953125, 5380.314453125, 5267.69140625, 5273.37548828125, 5264.36767578125, 5556.521484375, 5109.4677734375, 5239.787109375, 5302.6650390625, 5550.4453125, 5302.3837890625, 5537.623046875, 5496.13037109375, 5325.08642578125, 5507.1650390625]}