{"loss": [0.03308633714914322, 0.011418277397751808, 0.008741914294660091, 0.007945442572236061, 0.007497810292989016, 0.007178553845733404, 0.006857606582343578, 0.0065076230093836784, 0.00624398048967123, 0.005985945928841829, 0.005782253108918667, 0.005579723510891199, 0.005372187588363886, 0.005201736930757761, 0.0049689533188939095, 0.004789925646036863, 0.0046090250834822655, 0.004483456257730722, 0.004368638154119253, 0.004263716749846935, 0.004184398800134659, 0.004109265748411417, 0.0040532490238547325, 0.0039965868927538395, 0.003934788051992655, 0.003880322678014636, 0.003837652038782835, 0.003775771241635084, 0.00373732834123075, 0.003688695840537548, 0.0036600667517632246, 0.0036171828396618366, 0.0035668511409312487, 0.003529868321493268, 0.003496211487799883, 0.0034614657051861286, 0.003414194332435727, 0.0033866148442029953, 0.00336464517749846, 0.0033366293646395206], "mean_absolute_percentage_error": [55.673248291015625, 36.32162094116211, 30.92350959777832, 29.477054595947266, 28.587793350219727, 27.77846908569336, 26.84282684326172, 25.760395050048828, 24.84128761291504, 24.06565284729004, 23.4554500579834, 22.899450302124023, 22.39959716796875, 21.953933715820312, 21.446847915649414, 21.109912872314453, 20.68315315246582, 20.339277267456055, 20.04282569885254, 19.714574813842773, 19.50210189819336, 19.301185607910156, 19.108291625976562, 18.94212532043457, 18.76221466064453, 18.575481414794922, 18.459569931030273, 18.284034729003906, 18.176361083984375, 18.0294246673584, 17.892669677734375, 17.796722412109375, 17.618057250976562, 17.51161766052246, 17.40643882751465, 17.289337158203125, 17.151857376098633, 17.031536102294922, 16.961380004882812, 16.878887176513672], "val_loss": [0.015264283865690231, 0.009449220262467861, 0.008316362276673317, 0.007947786711156368, 0.008111058734357357, 0.007429568096995354, 0.007024083286523819, 0.0069396537728607655, 0.006769332103431225, 0.006513175554573536, 0.006234410684555769, 0.0061399126425385475, 0.005922322161495686, 0.005629553925246, 0.005484560504555702, 0.005257630255073309, 0.005305286031216383, 0.0050760554149746895, 0.005071853753179312, 0.004724686499685049, 0.00472656125202775, 0.004664264153689146, 0.004708256106823683, 0.004530754871666431, 0.0044426079839468, 0.004397070035338402, 0.004431546665728092, 0.0043852138333022594, 0.004346479661762714, 0.0042882803827524185, 0.004089508205652237, 0.00420391745865345, 0.004174612928181887, 0.004190191626548767, 0.003945582080632448, 0.004001163877546787, 0.003985214047133923, 0.003959279973059893, 0.0038582782726734877, 0.0038367074448615313], "val_mean_absolute_percentage_error": [21812.7265625, 16484.626953125, 14305.7255859375, 12843.048828125, 12803.4580078125, 11666.2451171875, 10352.0048828125, 10025.8701171875, 9257.693359375, 9293.1611328125, 8265.5, 8503.607421875, 8637.65625, 7825.88330078125, 8054.99755859375, 7456.560546875, 7969.77099609375, 7140.6123046875, 7097.36865234375, 6610.54638671875, 6129.1962890625, 6213.30859375, 5932.71240234375, 5758.95703125, 5794.99365234375, 5676.779296875, 5665.56494140625, 5685.5869140625, 5559.63330078125, 5797.1689453125, 5495.64599609375, 5416.51123046875, 5693.33544921875, 6085.58642578125, 5698.447265625, 6007.04150390625, 5784.1787109375, 5691.25634765625, 5813.12158203125, 5769.39697265625]}