{"loss": [0.0305935125797987, 0.008549679070711136, 0.00695940013974905, 0.006116895936429501, 0.0054619163274765015, 0.004975112155079842, 0.0045187706127762794, 0.004260190296918154, 0.003993343561887741, 0.0038084133993834257, 0.0036469679325819016, 0.0035327556543052197, 0.0033972531091421843, 0.003318508854135871, 0.003187050810083747, 0.003093173960223794, 0.0030044298619031906, 0.002906663343310356, 0.0028274450451135635, 0.002746105194091797, 0.0026818430051207542, 0.0026372300926595926, 0.0025780173018574715, 0.0025379802100360394, 0.0025009887758642435, 0.0024524556938558817, 0.002432654844596982, 0.002392173046246171, 0.002351352944970131, 0.0023351400159299374, 0.002316894009709358, 0.0022994913160800934, 0.002275074366480112, 0.0022357762791216373, 0.0022337802220135927, 0.002217206871137023, 0.002200658665969968, 0.0021729953587055206, 0.002162682358175516, 0.002143251011148095], "mean_absolute_percentage_error": [50.771732330322266, 30.5323543548584, 27.086761474609375, 25.28451919555664, 23.692935943603516, 22.323108673095703, 21.080947875976562, 20.197500228881836, 19.44598960876465, 18.81017303466797, 18.31745719909668, 17.930130004882812, 17.54446029663086, 17.299753189086914, 16.923782348632812, 16.63277244567871, 16.408464431762695, 16.115867614746094, 15.821588516235352, 15.574024200439453, 15.359431266784668, 15.199222564697266, 14.935158729553223, 14.836970329284668, 14.68310546875, 14.508232116699219, 14.411306381225586, 14.29349422454834, 14.152325630187988, 14.057808876037598, 13.923566818237305, 13.875617980957031, 13.8001708984375, 13.686471939086914, 13.638996124267578, 13.573119163513184, 13.494718551635742, 13.369504928588867, 13.33168888092041, 13.239171981811523], "val_loss": [0.009550755843520164, 0.006864503957331181, 0.005952128674834967, 0.0053263502195477486, 0.004832341801375151, 0.0043615614995360374, 0.00406272429972887, 0.003961267881095409, 0.003926972858607769, 0.0037474834825843573, 0.0032804878428578377, 0.0034231042955070734, 0.003123260335996747, 0.003048241836950183, 0.0030751056037843227, 0.002905117580667138, 0.0027213571593165398, 0.0027017707470804453, 0.00257242564111948, 0.0025143942330032587, 0.002449123887345195, 0.002406623214483261, 0.0023065919522196054, 0.0023418315686285496, 0.002244112081825733, 0.0023405645042657852, 0.002186412224546075, 0.0022160944063216448, 0.0021553291007876396, 0.0022317804396152496, 0.0021704332903027534, 0.0022229738533496857, 0.002232531551271677, 0.002161933807656169, 0.0021870527416467667, 0.002202722243964672, 0.0021271712612360716, 0.0020929062739014626, 0.0021423615980893373, 0.0021688900887966156], "val_mean_absolute_percentage_error": [15572.1025390625, 13135.11328125, 13382.203125, 12149.173828125, 12087.318359375, 11462.5986328125, 10574.3994140625, 10327.1240234375, 10407.8046875, 9110.41015625, 8578.234375, 9393.6298828125, 8322.6318359375, 8301.208984375, 8760.642578125, 8309.85546875, 8349.298828125, 7737.35205078125, 8032.28564453125, 7375.18603515625, 7632.1640625, 7136.185546875, 7022.38330078125, 6743.794921875, 6466.005859375, 5919.93310546875, 6407.03125, 6412.21923828125, 6323.7509765625, 6053.88671875, 5801.31298828125, 5821.3720703125, 5576.51953125, 5866.47998046875, 5893.58154296875, 5509.14794921875, 5464.9189453125, 5828.98828125, 5316.064453125, 5073.71435546875]}