{"loss": [0.030143091455101967, 0.007996891625225544, 0.006552957464009523, 0.0057429419830441475, 0.005022775381803513, 0.004500867798924446, 0.0041110399179160595, 0.003876408329233527, 0.0036512580700218678, 0.003498253645375371, 0.0033639739267528057, 0.003225330961868167, 0.0031556247267872095, 0.0030703693628311157, 0.002963330363854766, 0.0028749294579029083, 0.002807783195748925, 0.0027345921844244003, 0.0026752122212201357, 0.0025997369084507227, 0.002524793380871415, 0.0024628702085465193, 0.0023907646536827087, 0.0023298384621739388, 0.002256604842841625, 0.0022307231556624174, 0.0021741390228271484, 0.0021116025745868683, 0.0020999747794121504, 0.0020659954752773046, 0.0020429848227649927, 0.0020110541954636574, 0.0019958929624408484, 0.0019687162712216377, 0.0019121356308460236, 0.0019171652384102345, 0.0018825135193765163, 0.0018650005804374814, 0.0018517926800996065, 0.0018102722242474556], "mean_absolute_percentage_error": [48.57482147216797, 29.624435424804688, 26.277313232421875, 24.328350067138672, 22.547182083129883, 21.07364273071289, 19.862606048583984, 19.085554122924805, 18.423757553100586, 17.896133422851562, 17.498517990112305, 17.075448989868164, 16.83086585998535, 16.54669189453125, 16.250125885009766, 15.932146072387695, 15.714536666870117, 15.465803146362305, 15.243313789367676, 14.97709846496582, 14.755826950073242, 14.560234069824219, 14.362215042114258, 14.147849082946777, 13.892659187316895, 13.784456253051758, 13.605582237243652, 13.374335289001465, 13.329315185546875, 13.203933715820312, 13.095121383666992, 12.96130084991455, 12.900188446044922, 12.821187973022461, 12.634164810180664, 12.574594497680664, 12.499691009521484, 12.46149730682373, 12.37743854522705, 12.234583854675293], "val_loss": [0.007786688394844532, 0.006387235131114721, 0.005450109485536814, 0.004656624514609575, 0.0042070611380040646, 0.003650721162557602, 0.003592683235183358, 0.003335331566631794, 0.003068972611799836, 0.0031400786247104406, 0.002878868952393532, 0.002939891070127487, 0.00284545193426311, 0.0026543468702584505, 0.002612789859995246, 0.002596166916191578, 0.002527885604649782, 0.0025952868163585663, 0.0024995505809783936, 0.0023136914242058992, 0.0022353173699229956, 0.002151633147150278, 0.0020493492484092712, 0.002000687178224325, 0.0019523244118317962, 0.0019623939879238605, 0.001862385543063283, 0.0019079712219536304, 0.0019074779702350497, 0.001912513980641961, 0.0019086835673078895, 0.001869190251454711, 0.0018799402751028538, 0.0018569149542599916, 0.0018240765202790499, 0.0017676703864708543, 0.0018204275984317064, 0.001934896456077695, 0.0019414593698456883, 0.0018885938916355371], "val_mean_absolute_percentage_error": [14933.146484375, 13831.4580078125, 12921.5673828125, 11963.5576171875, 11641.673828125, 10585.4794921875, 9728.84765625, 10137.4599609375, 9216.951171875, 8922.1865234375, 8586.8837890625, 8918.328125, 9044.556640625, 8241.5673828125, 8623.126953125, 8554.9921875, 7649.01123046875, 7868.05712890625, 7713.212890625, 7441.9541015625, 7506.5478515625, 7700.6005859375, 7452.9990234375, 6826.94677734375, 6893.51025390625, 6667.8974609375, 6671.74462890625, 6038.708984375, 6362.80712890625, 6681.083984375, 6413.0986328125, 6180.3603515625, 5971.224609375, 6076.173828125, 5923.779296875, 5840.27880859375, 5764.2353515625, 5487.30615234375, 5511.716796875, 5234.17578125]}