{"loss": [0.0295295137912035, 0.008720334619283676, 0.00690546166151762, 0.006116419564932585, 0.005444647744297981, 0.0048957704566419125, 0.004504915792495012, 0.00424070842564106, 0.004054080694913864, 0.003857310162857175, 0.0037181167863309383, 0.003568226471543312, 0.003506976179778576, 0.00339887966401875, 0.0033024591393768787, 0.003197574755176902, 0.0030968079809099436, 0.003019287483766675, 0.0029086535796523094, 0.002829339588060975, 0.002722460776567459, 0.0026720219757407904, 0.002610337920486927, 0.002555721439421177, 0.0025089734699577093, 0.002452655928209424, 0.0024480316787958145, 0.0023929146118462086, 0.0023613865487277508, 0.0023254777770489454, 0.0023019113577902317, 0.002257691929116845, 0.0022612784523516893, 0.0022100938949733973, 0.0021901405416429043, 0.0021652409341186285, 0.002139684511348605, 0.0021193332504481077, 0.002110080560669303, 0.0020856885239481926], "mean_absolute_percentage_error": [50.730003356933594, 30.892898559570312, 26.998126983642578, 25.238842010498047, 23.64396095275879, 22.144271850585938, 20.996217727661133, 20.16121482849121, 19.542030334472656, 19.020967483520508, 18.53810691833496, 18.087268829345703, 17.852622985839844, 17.46475601196289, 17.16870880126953, 16.858800888061523, 16.58368682861328, 16.319835662841797, 16.007577896118164, 15.725046157836914, 15.404519081115723, 15.25106143951416, 15.011261940002441, 14.83891773223877, 14.6668701171875, 14.446163177490234, 14.376373291015625, 14.190771102905273, 14.095969200134277, 13.95652961730957, 13.819823265075684, 13.693891525268555, 13.65838623046875, 13.494535446166992, 13.387280464172363, 13.322643280029297, 13.213659286499023, 13.147083282470703, 13.122430801391602, 13.040912628173828], "val_loss": [0.009619910269975662, 0.0065462784841656685, 0.006297340150922537, 0.005310355219990015, 0.004748404957354069, 0.00466315308585763, 0.003850701730698347, 0.0037073581479489803, 0.0037782019935548306, 0.0036568192299455404, 0.0034526402596384287, 0.0032033438328653574, 0.0032569223549216986, 0.003321894910186529, 0.0031690706964582205, 0.0028377771377563477, 0.002846070332452655, 0.0027070571668446064, 0.002826456679031253, 0.0025985827669501305, 0.002457402879372239, 0.002318379934877157, 0.002365607302635908, 0.002264151582494378, 0.002350867260247469, 0.002271245466545224, 0.0022545461542904377, 0.0022150306031107903, 0.002160788746550679, 0.002138037933036685, 0.002137801144272089, 0.002140434691682458, 0.0021935186814516783, 0.002162585034966469, 0.002174748107790947, 0.00219490984454751, 0.002133780624717474, 0.002186485566198826, 0.0021367326844483614, 0.0021512098610401154], "val_mean_absolute_percentage_error": [14668.6669921875, 12800.6728515625, 13304.62890625, 12740.8447265625, 11718.9716796875, 11531.19921875, 10290.73046875, 10264.91796875, 10018.560546875, 9581.013671875, 9063.046875, 8579.67578125, 9234.1455078125, 8978.3154296875, 8845.9814453125, 8269.150390625, 8364.998046875, 7676.12109375, 8674.06640625, 8171.89794921875, 7998.20947265625, 7441.95166015625, 7310.04443359375, 7217.69873046875, 6922.40380859375, 6849.1044921875, 6808.0, 6929.04736328125, 6653.14794921875, 6403.939453125, 6160.265625, 5946.24462890625, 5809.54345703125, 5964.61328125, 6115.6962890625, 5935.22998046875, 5946.7470703125, 5871.02783203125, 5944.73291015625, 5923.0234375]}