{"loss": [0.030293766409158707, 0.011087614111602306, 0.009224525652825832, 0.008085472509264946, 0.007576129399240017, 0.007196653634309769, 0.006812254432588816, 0.006462626624852419, 0.00612307945266366, 0.005828722380101681, 0.0055979834869503975, 0.0053943730890750885, 0.005215307231992483, 0.0050790682435035706, 0.004943750333040953, 0.004833234008401632, 0.0047227730974555016, 0.004622746258974075, 0.004538470879197121, 0.004474623594433069, 0.0044224620796740055, 0.004374175798147917, 0.00433704536408186, 0.0042949519120156765, 0.0042688921093940735, 0.004240720067173243, 0.004209800157696009, 0.004185390193015337, 0.004151601344347, 0.004129793029278517, 0.0041041201911866665, 0.004074565600603819, 0.004047611262649298, 0.004028467461466789, 0.004002666566520929, 0.003971690312027931, 0.003958613146096468, 0.0039390502497553825, 0.0039170654490590096, 0.0039050912018865347], "mean_absolute_percentage_error": [56.120479583740234, 35.305267333984375, 31.247831344604492, 29.426040649414062, 28.403593063354492, 27.343505859375, 26.175403594970703, 25.108766555786133, 24.147991180419922, 23.41053581237793, 22.84735679626465, 22.363679885864258, 21.9647159576416, 21.649507522583008, 21.316089630126953, 21.007694244384766, 20.691974639892578, 20.395845413208008, 20.1319637298584, 19.941593170166016, 19.79822540283203, 19.63225746154785, 19.54460334777832, 19.4073429107666, 19.323257446289062, 19.231163024902344, 19.14603042602539, 19.05665397644043, 18.961484909057617, 18.900461196899414, 18.822969436645508, 18.728797912597656, 18.645957946777344, 18.575458526611328, 18.489036560058594, 18.37692642211914, 18.326696395874023, 18.26576042175293, 18.180633544921875, 18.158462524414062], "val_loss": [0.014703518711030483, 0.009989237412810326, 0.008799062110483646, 0.008104806765913963, 0.007596869487315416, 0.007560220547020435, 0.007083740551024675, 0.006801936775445938, 0.006384506821632385, 0.006231450475752354, 0.00581728108227253, 0.0057436698116362095, 0.005650372244417667, 0.005664044991135597, 0.0055131250992417336, 0.005301041062921286, 0.005182031076401472, 0.005296097137033939, 0.005238479934632778, 0.005166791845113039, 0.005095378961414099, 0.005153620149940252, 0.004847663454711437, 0.004935080651193857, 0.004938715603202581, 0.004792538937181234, 0.004961561411619186, 0.004939226899296045, 0.004904317669570446, 0.004804489202797413, 0.004818237852305174, 0.004677417688071728, 0.004902218002825975, 0.004914763383567333, 0.0046808309853076935, 0.004782678093761206, 0.0048122769221663475, 0.004718647338449955, 0.004690689500421286, 0.004663059953600168], "val_mean_absolute_percentage_error": [23178.744140625, 17017.982421875, 13617.046875, 11964.4814453125, 10913.1640625, 9947.5087890625, 9041.2392578125, 8574.6259765625, 8449.6826171875, 8800.427734375, 8507.77734375, 8847.2744140625, 8641.2646484375, 8444.5732421875, 7925.37548828125, 7419.59912109375, 7021.62255859375, 6498.98583984375, 6412.22802734375, 6079.859375, 5637.98828125, 5703.73876953125, 5293.962890625, 5626.759765625, 5546.65869140625, 5328.9501953125, 5441.16943359375, 5551.177734375, 5444.73779296875, 5281.42041015625, 5248.19189453125, 5394.24755859375, 5648.93994140625, 5690.34814453125, 5393.1572265625, 5872.716796875, 5845.3662109375, 5982.9169921875, 6183.6728515625, 5979.3056640625]}