{"loss": [0.025129081681370735, 0.008032833226025105, 0.006379850208759308, 0.005478489678353071, 0.0048242551274597645, 0.004336630925536156, 0.004016197752207518, 0.0037178751081228256, 0.003524628933519125, 0.0033859917894005775, 0.0032362649217247963, 0.003137219464406371, 0.003053876105695963, 0.002944227773696184, 0.0028450381942093372, 0.002738484414294362, 0.0026384699158370495, 0.002561449771746993, 0.002480899216607213, 0.0024020327255129814, 0.0023304999340325594, 0.0022792471572756767, 0.002215418266132474, 0.002180095063522458, 0.002126432256773114, 0.002091346774250269, 0.0020550889894366264, 0.002013669116422534, 0.0019661313854157925, 0.001962518086656928, 0.0019208088051527739, 0.0018976248102262616, 0.0018714804900810122, 0.001863872050307691, 0.0018546985229477286, 0.0018195771845057607, 0.0018039168789982796, 0.0017886916175484657, 0.0017677991418167949, 0.0017505931900814176], "mean_absolute_percentage_error": [47.102996826171875, 29.580686569213867, 26.009286880493164, 23.902502059936523, 22.171245574951172, 20.70741081237793, 19.69619369506836, 18.77412986755371, 18.155105590820312, 17.643749237060547, 17.154802322387695, 16.80099868774414, 16.526506423950195, 16.16785430908203, 15.864801406860352, 15.510857582092285, 15.218790054321289, 14.963298797607422, 14.683201789855957, 14.457900047302246, 14.19209098815918, 14.001418113708496, 13.791171073913574, 13.654459953308105, 13.428914070129395, 13.274042129516602, 13.166500091552734, 13.025146484375, 12.860973358154297, 12.7930326461792, 12.641138076782227, 12.51126766204834, 12.440526962280273, 12.394773483276367, 12.325345039367676, 12.179166793823242, 12.127982139587402, 12.075379371643066, 11.974876403808594, 11.94631576538086], "val_loss": [0.007877066731452942, 0.005716871470212936, 0.0049402653239667416, 0.004171860869973898, 0.004042539279907942, 0.0035403768997639418, 0.0035963328555226326, 0.003415654879063368, 0.0030035139061510563, 0.0030925406608730555, 0.0028125958051532507, 0.0026858472265303135, 0.0025878867600113153, 0.0025093022268265486, 0.0025381355080753565, 0.002441846299916506, 0.002197935013100505, 0.0021884054876863956, 0.0020818894263356924, 0.0020089654717594385, 0.0020166002213954926, 0.0019810586236417294, 0.0019688638858497143, 0.0019073134753853083, 0.0018358374945819378, 0.001763439504429698, 0.0018763582920655608, 0.0018132551340386271, 0.001725434442050755, 0.0017186225159093738, 0.0017777113243937492, 0.0018163276836276054, 0.0017810685094445944, 0.0017962692072615027, 0.0017202565213665366, 0.0018658234039321542, 0.0017791269347071648, 0.0017974225338548422, 0.0018746695714071393, 0.001654379302635789], "val_mean_absolute_percentage_error": [14097.138671875, 13225.9697265625, 13231.7802734375, 11775.0576171875, 11379.14453125, 10763.6474609375, 10034.0400390625, 9892.5927734375, 9385.09375, 9489.626953125, 9161.759765625, 8818.9775390625, 8909.0556640625, 8684.1025390625, 8665.0419921875, 9044.2275390625, 8290.166015625, 8617.896484375, 8235.107421875, 8020.68408203125, 7757.67919921875, 7150.54638671875, 7322.58447265625, 6978.0029296875, 6838.96923828125, 7234.80517578125, 6753.0419921875, 6815.2109375, 6681.27685546875, 6972.25244140625, 6807.5927734375, 6305.97705078125, 6570.5927734375, 6573.36474609375, 6477.69482421875, 6438.958984375, 6321.31396484375, 6309.2275390625, 6156.69482421875, 6075.9619140625]}