{"loss": [0.019828911870718002, 0.007623826153576374, 0.006144161801785231, 0.005204225890338421, 0.0045875487849116325, 0.004111386835575104, 0.003819443751126528, 0.0035750854294747114, 0.003361470764502883, 0.0032013999298214912, 0.003087628399953246, 0.0029910679440945387, 0.0028694276697933674, 0.0027675528544932604, 0.002706101629883051, 0.002630258211866021, 0.0025453385896980762, 0.0024615598376840353, 0.0023949809838086367, 0.002309113973751664, 0.002195736626163125, 0.0020907334983348846, 0.0020231984090059996, 0.0019382527098059654, 0.0018616609741002321, 0.0018211769638583064, 0.0017666190396994352, 0.0017444840632379055, 0.001709831296466291, 0.0016449178801849484, 0.0016214342322200537, 0.0016077595064416528, 0.0015933511313050985, 0.0015346402069553733, 0.0015414473600685596, 0.001506164320744574, 0.0014663988258689642, 0.0014696433208882809, 0.0014388097915798426, 0.0014323930954560637], "mean_absolute_percentage_error": [42.099464416503906, 28.610122680664062, 25.268970489501953, 22.939498901367188, 21.080564498901367, 19.83629035949707, 18.94819450378418, 18.105579376220703, 17.458383560180664, 16.970638275146484, 16.62019920349121, 16.271696090698242, 15.892072677612305, 15.572416305541992, 15.330023765563965, 15.079431533813477, 14.811002731323242, 14.547107696533203, 14.36377239227295, 14.098134994506836, 13.788097381591797, 13.451925277709961, 13.173467636108398, 12.886669158935547, 12.609061241149902, 12.508927345275879, 12.286888122558594, 12.076362609863281, 11.992321968078613, 11.812396049499512, 11.670894622802734, 11.57194709777832, 11.500592231750488, 11.301239967346191, 11.285237312316895, 11.161490440368652, 11.0405855178833, 11.01773738861084, 10.902044296264648, 10.843368530273438], "val_loss": [0.0062728701159358025, 0.005182893015444279, 0.004087714944034815, 0.003723617410287261, 0.003273756243288517, 0.003083963645622134, 0.0029749723616987467, 0.0032301212195307016, 0.002986799692735076, 0.0026339658070355654, 0.002501562237739563, 0.002407308667898178, 0.0024358071386814117, 0.0023845965042710304, 0.002479847986251116, 0.0021964365150779486, 0.0020963093265891075, 0.0021233365405350924, 0.002050915267318487, 0.001978053245693445, 0.0018317671492695808, 0.0017300044419243932, 0.001662879018113017, 0.0015453991945832968, 0.0014679091982543468, 0.0014130608178675175, 0.001358319423161447, 0.001444067806005478, 0.001350248116068542, 0.0013711476931348443, 0.0013291377108544111, 0.0013692789943888783, 0.0013824483612552285, 0.0011786709073930979, 0.0013091078726574779, 0.0013058219337835908, 0.001347427605651319, 0.0012381182750687003, 0.0013359403237700462, 0.0012087159557268023], "val_mean_absolute_percentage_error": [13902.76953125, 12539.380859375, 11122.546875, 9564.6083984375, 9563.5625, 8556.8935546875, 8188.78076171875, 8964.8603515625, 8222.2705078125, 8723.0537109375, 7693.6044921875, 7612.04443359375, 8235.9814453125, 8079.9814453125, 8297.7607421875, 7732.33837890625, 8307.109375, 7898.23828125, 7830.41259765625, 7503.7294921875, 7845.1923828125, 8574.017578125, 7936.15869140625, 7014.47802734375, 7075.13671875, 6879.60546875, 6999.1669921875, 6152.240234375, 6037.283203125, 6043.71533203125, 6631.76025390625, 5998.6435546875, 6112.85888671875, 6269.45654296875, 6170.30859375, 5973.55322265625, 6224.37353515625, 6048.38525390625, 5835.88916015625, 6275.8544921875]}