{"loss": [0.02581782266497612, 0.00819032359868288, 0.00648312084376812, 0.005449314601719379, 0.004712115973234177, 0.00428266916424036, 0.003962281160056591, 0.003730953671038151, 0.0035326064098626375, 0.003397891763597727, 0.003250731620937586, 0.0031537075992673635, 0.0030706448014825583, 0.0029685308691114187, 0.0029066158458590508, 0.0028383650351315737, 0.002724992111325264, 0.0026825026143342257, 0.0026260502636432648, 0.0025266159791499376, 0.002436637645587325, 0.002344137290492654, 0.002274963539093733, 0.0022135546896606684, 0.002162220887839794, 0.0021124675404280424, 0.0020669109653681517, 0.0020200798753648996, 0.0020191133953630924, 0.001977374544367194, 0.0019369994988664985, 0.0019218119559809566, 0.0019073805306106806, 0.0018735997145995498, 0.0018482247833162546, 0.0018418518593534827, 0.001832487527281046, 0.0018097178544849157, 0.0017742447089403868, 0.001774138305336237], "mean_absolute_percentage_error": [47.63786315917969, 29.88495445251465, 26.222244262695312, 23.797504425048828, 21.693126678466797, 20.404085159301758, 19.41609001159668, 18.64975929260254, 18.032939910888672, 17.527557373046875, 17.099584579467773, 16.763893127441406, 16.49081802368164, 16.199356079101562, 15.911993026733398, 15.744492530822754, 15.415188789367676, 15.262450218200684, 15.073141098022461, 14.773347854614258, 14.505327224731445, 14.236555099487305, 14.018994331359863, 13.793707847595215, 13.57476806640625, 13.421040534973145, 13.250337600708008, 13.091864585876465, 12.998242378234863, 12.915821075439453, 12.708016395568848, 12.65711784362793, 12.565954208374023, 12.459929466247559, 12.349563598632812, 12.313883781433105, 12.26784610748291, 12.170434951782227, 12.058040618896484, 12.014326095581055], "val_loss": [0.008508855476975441, 0.0062936036847531796, 0.005350087769329548, 0.004809006582945585, 0.004228308331221342, 0.003537452779710293, 0.0034755044616758823, 0.003329839324578643, 0.0035253921523690224, 0.002982563804835081, 0.002994055859744549, 0.0029414412565529346, 0.0028607065323740244, 0.00271050026640296, 0.0026121828705072403, 0.0025415311101824045, 0.0025499220937490463, 0.002412916626781225, 0.0023252679966390133, 0.002251509577035904, 0.0020810903515666723, 0.0020492784678936005, 0.0019193633925169706, 0.00201346050016582, 0.0019446158548817039, 0.00180307577829808, 0.0018533390248194337, 0.0017867167480289936, 0.0018400393892079592, 0.0017566094174981117, 0.0017963667633011937, 0.0017114970833063126, 0.001678574364632368, 0.0018357005901634693, 0.0017595725366845727, 0.0017935122596099973, 0.0017508788732811809, 0.001834611757658422, 0.001658530323766172, 0.0017074367497116327], "val_mean_absolute_percentage_error": [13696.2216796875, 13615.0859375, 13070.458984375, 12265.83984375, 11275.1572265625, 10072.01171875, 9211.9755859375, 9312.0791015625, 9385.9365234375, 8390.1552734375, 8722.6240234375, 8638.2275390625, 8548.9052734375, 7726.076171875, 8483.8974609375, 8107.64306640625, 7909.0654296875, 7783.9208984375, 7890.4111328125, 7818.03369140625, 7074.5546875, 7093.3828125, 6949.17529296875, 6529.39501953125, 6441.45703125, 6747.1396484375, 6156.5234375, 6271.71728515625, 6054.21240234375, 6438.017578125, 6202.42041015625, 6077.99755859375, 5784.37451171875, 5656.24560546875, 5780.5888671875, 5774.576171875, 5691.38330078125, 5536.48779296875, 5877.10107421875, 5615.99658203125]}