{"loss": [0.028842180967330933, 0.008084287866950035, 0.006698664743453264, 0.005884676706045866, 0.005209740251302719, 0.004718942567706108, 0.004349382594227791, 0.004066165536642075, 0.0038757671136409044, 0.0036910211201757193, 0.003544093342497945, 0.0034225306008011103, 0.003264197614043951, 0.003153699915856123, 0.0030609294772148132, 0.0029587731696665287, 0.00289210956543684, 0.0027936266269534826, 0.0027030014898627996, 0.0026196669787168503, 0.002563303103670478, 0.0024787343572825193, 0.002419566735625267, 0.0023956652730703354, 0.002347508678212762, 0.002302698791027069, 0.0022586919367313385, 0.0022241517435759306, 0.002219327026978135, 0.002174422610551119, 0.002156237605959177, 0.0021224129013717175, 0.0020832777954638004, 0.002080923644825816, 0.0020614464301615953, 0.002036650897935033, 0.002014988102018833, 0.002006041817367077, 0.0019852269906550646, 0.001966087846085429], "mean_absolute_percentage_error": [48.660247802734375, 29.505769729614258, 26.392492294311523, 24.550710678100586, 23.021007537841797, 21.573625564575195, 20.515785217285156, 19.729772567749023, 19.102663040161133, 18.570362091064453, 18.08139419555664, 17.661115646362305, 17.243515014648438, 16.866540908813477, 16.63808822631836, 16.318758010864258, 16.104429244995117, 15.821477890014648, 15.435486793518066, 15.207674980163574, 14.970067024230957, 14.722909927368164, 14.457626342773438, 14.391474723815918, 14.213250160217285, 14.023969650268555, 13.864856719970703, 13.709588050842285, 13.661482810974121, 13.523280143737793, 13.432855606079102, 13.327106475830078, 13.150213241577148, 13.135714530944824, 13.033409118652344, 12.932693481445312, 12.89820384979248, 12.816420555114746, 12.750306129455566, 12.65835952758789], "val_loss": [0.008502722717821598, 0.006558175198733807, 0.005718836095184088, 0.004769028164446354, 0.004689328372478485, 0.004152337554842234, 0.0037790273781865835, 0.0037502325139939785, 0.003683611052110791, 0.003209538757801056, 0.0033339867368340492, 0.0030800665263086557, 0.002906529698520899, 0.002847173949703574, 0.0027284801471978426, 0.0025661075487732887, 0.002510210033506155, 0.0023218030110001564, 0.002322231186553836, 0.0022379898000508547, 0.002129626227542758, 0.00206884928047657, 0.002127807354554534, 0.0020453876350075006, 0.0019925793167203665, 0.0020333793945610523, 0.001966347685083747, 0.0019483596552163363, 0.001980667235329747, 0.0019447843078523874, 0.0019120486686006188, 0.0018540815217420459, 0.0018860833952203393, 0.0018633394502103329, 0.0018835985101759434, 0.0018452833173796535, 0.001848462619818747, 0.0018930626101791859, 0.0018609174294397235, 0.0018336130306124687], "val_mean_absolute_percentage_error": [13411.662109375, 12343.7255859375, 11534.6328125, 11671.810546875, 11665.875, 11081.1689453125, 10511.501953125, 9754.830078125, 9603.9248046875, 8844.236328125, 9261.4716796875, 8326.9521484375, 8378.17578125, 8178.89013671875, 8499.5947265625, 7920.626953125, 7632.31201171875, 7750.39453125, 7620.3037109375, 7284.41796875, 6865.8544921875, 7180.65869140625, 7089.07421875, 7210.08447265625, 6637.5869140625, 6396.7099609375, 6502.7568359375, 6297.0625, 5832.470703125, 6338.5546875, 5935.77001953125, 6372.15771484375, 5882.97119140625, 6099.0546875, 5610.64208984375, 5653.71533203125, 5907.94873046875, 5861.349609375, 5717.8359375, 5768.62744140625]}