{"loss": [0.030628809705376625, 0.01019967533648014, 0.008207468315958977, 0.007536959368735552, 0.006994973868131638, 0.006500742863863707, 0.006115452386438847, 0.0057603660970926285, 0.005457097664475441, 0.005170191638171673, 0.004930177237838507, 0.004685701336711645, 0.004497256595641375, 0.004310934338718653, 0.004184122662991285, 0.004056279547512531, 0.003944707568734884, 0.0038917376659810543, 0.003812648355960846, 0.003730121534317732, 0.003675157902762294, 0.003622642485424876, 0.0035576564259827137, 0.0035162109415978193, 0.0034670131281018257, 0.003428630530834198, 0.0033829687163233757, 0.003355235094204545, 0.0033017273526638746, 0.0032601426355540752, 0.0032528643496334553, 0.00320201157592237, 0.0031621968373656273, 0.0031344923190772533, 0.003110585268586874, 0.0030789144802838564, 0.003062374424189329, 0.003036836627870798, 0.003004064317792654, 0.002976843621581793], "mean_absolute_percentage_error": [53.01051712036133, 33.90471267700195, 29.805957794189453, 28.450132369995117, 27.242427825927734, 26.08430290222168, 25.12379264831543, 24.215457916259766, 23.38677978515625, 22.58243751525879, 21.87196922302246, 21.221450805664062, 20.717744827270508, 20.184846878051758, 19.79412269592285, 19.416799545288086, 19.089603424072266, 18.856416702270508, 18.622726440429688, 18.343807220458984, 18.14894676208496, 17.971158981323242, 17.76342010498047, 17.659910202026367, 17.451719284057617, 17.33818817138672, 17.169099807739258, 17.09531593322754, 16.916183471679688, 16.778825759887695, 16.732648849487305, 16.599380493164062, 16.47350311279297, 16.326160430908203, 16.31195831298828, 16.152795791625977, 16.140649795532227, 15.995756149291992, 15.90575885772705, 15.838385581970215], "val_loss": [0.01277815829962492, 0.00877990759909153, 0.007859013974666595, 0.007525384891778231, 0.007229875307530165, 0.006398789118975401, 0.00613538920879364, 0.006156870163977146, 0.00547706289216876, 0.0055105360224843025, 0.004929791670292616, 0.004816893488168716, 0.00463654613122344, 0.004336211364716291, 0.00458909198641777, 0.004132878500968218, 0.004396573640406132, 0.004481109324842691, 0.004278248175978661, 0.004048039671033621, 0.003925597760826349, 0.004234548192471266, 0.0037657120265066624, 0.003875730326399207, 0.0038683756720274687, 0.003968833480030298, 0.00378731032833457, 0.003855224000290036, 0.0037312752101570368, 0.0035838643088936806, 0.0035488044377416372, 0.0035058085341006517, 0.0036314011085778475, 0.0035203909501433372, 0.003526424989104271, 0.0035384600050747395, 0.0034086545929312706, 0.0033480727579444647, 0.0033818979281932116, 0.003268011612817645], "val_mean_absolute_percentage_error": [18138.82421875, 15041.46875, 13775.1982421875, 13170.3310546875, 11836.0986328125, 12216.91796875, 11189.654296875, 10316.98046875, 9364.0205078125, 9628.94921875, 8473.0703125, 8034.2138671875, 7985.40283203125, 7624.52197265625, 7853.74267578125, 7377.64208984375, 7521.572265625, 8084.77197265625, 7809.9521484375, 7520.2119140625, 7162.16064453125, 7505.96728515625, 7289.79638671875, 7552.59375, 7395.1474609375, 7399.6826171875, 7508.6220703125, 7376.4169921875, 7339.79345703125, 7313.4365234375, 7254.033203125, 7173.3046875, 7115.05712890625, 6901.693359375, 6757.46533203125, 7269.5908203125, 6301.2216796875, 6991.22265625, 6645.92041015625, 6353.56103515625]}