{"loss": [0.03337147831916809, 0.010847671888768673, 0.008429796434938908, 0.007695378735661507, 0.0071729328483343124, 0.006750415079295635, 0.0063382587395608425, 0.0059831454418599606, 0.0056841191835701466, 0.005392004735767841, 0.005162315908819437, 0.004917357116937637, 0.004715492483228445, 0.004538154695183039, 0.004372407682240009, 0.004264002665877342, 0.0041495864279568195, 0.0040473961271345615, 0.003961263690143824, 0.0038836647290736437, 0.003844185033813119, 0.0037676040083169937, 0.0037366095930337906, 0.0036856383085250854, 0.003631253493949771, 0.0036080111749470234, 0.003560838056728244, 0.0035107017029076815, 0.0035006620455533266, 0.0034463349729776382, 0.003403528593480587, 0.003390013473108411, 0.003351872321218252, 0.0033149702940136194, 0.003288367995992303, 0.0032841404899954796, 0.003230299102142453, 0.0032332015689462423, 0.0031925777439028025, 0.003177505685016513], "mean_absolute_percentage_error": [54.688690185546875, 35.3662109375, 30.36652374267578, 28.890302658081055, 27.780479431152344, 26.771516799926758, 25.66251564025879, 24.657777786254883, 23.79317855834961, 23.059764862060547, 22.50590705871582, 21.83761215209961, 21.30144500732422, 20.82330894470215, 20.292680740356445, 19.940771102905273, 19.59418296813965, 19.278356552124023, 18.99467658996582, 18.740638732910156, 18.609315872192383, 18.382957458496094, 18.263071060180664, 18.043750762939453, 17.8663330078125, 17.80616569519043, 17.66522979736328, 17.493967056274414, 17.42144203186035, 17.278100967407227, 17.15946388244629, 17.083425521850586, 16.968063354492188, 16.848167419433594, 16.760007858276367, 16.706565856933594, 16.559307098388672, 16.52484893798828, 16.41413688659668, 16.332378387451172], "val_loss": [0.013926861807703972, 0.009118272922933102, 0.008049574680626392, 0.007993985898792744, 0.007218529470264912, 0.006903062108904123, 0.0068613686598837376, 0.0062182070687413216, 0.005936191882938147, 0.005851138383150101, 0.005450046621263027, 0.005192806012928486, 0.005107445176690817, 0.0051060826517641544, 0.004796542227268219, 0.004663187079131603, 0.004604554269462824, 0.004509929567575455, 0.004289714619517326, 0.0043762861751019955, 0.004268412943929434, 0.004194196313619614, 0.004339656792581081, 0.004263723269104958, 0.00418176781386137, 0.004187744576483965, 0.00410035066306591, 0.004157360643148422, 0.004190683364868164, 0.0040066479705274105, 0.004280447028577328, 0.004081069957464933, 0.003923477604985237, 0.0040389723144471645, 0.0039755539037287235, 0.004071188624948263, 0.0038513876497745514, 0.003816009731963277, 0.003772936062887311, 0.0037504241336137056], "val_mean_absolute_percentage_error": [20113.48828125, 15802.6640625, 13770.8740234375, 13001.8994140625, 12198.7734375, 10969.7763671875, 10577.5888671875, 10191.017578125, 9644.845703125, 9358.232421875, 8907.875, 8606.19140625, 8797.55859375, 8298.4326171875, 7492.77001953125, 7464.2900390625, 7385.36572265625, 7110.1767578125, 6800.47216796875, 6985.451171875, 6770.02734375, 6664.009765625, 6655.25341796875, 7031.91064453125, 6341.88916015625, 6501.30615234375, 6161.74169921875, 6651.00390625, 6478.56884765625, 6369.57763671875, 6605.89990234375, 6552.2158203125, 6194.060546875, 6381.02294921875, 6142.0126953125, 6511.84619140625, 6223.89697265625, 6088.6025390625, 5824.13427734375, 5752.13330078125]}