{"loss": [0.029821719974279404, 0.011287979781627655, 0.009320360608398914, 0.00814060028642416, 0.0077142976224422455, 0.007484149653464556, 0.007139595225453377, 0.00663320766761899, 0.0061959391459822655, 0.005869198124855757, 0.005595910828560591, 0.005357084795832634, 0.005163297522813082, 0.005018778145313263, 0.004883248824626207, 0.004766199737787247, 0.0046713268384337425, 0.004588148556649685, 0.00452793762087822, 0.0044549633748829365, 0.004403548315167427, 0.004362249746918678, 0.004323333967477083, 0.0042657870799303055, 0.004228179808706045, 0.0041876123286783695, 0.004154052119702101, 0.004115256480872631, 0.0040779695846140385, 0.004053099080920219, 0.004025730770081282, 0.003997230902314186, 0.003977143205702305, 0.003947744611650705, 0.003933318890631199, 0.003918270114809275, 0.0038965120911598206, 0.0038735761772841215, 0.0038660645950585604, 0.003851889632642269], "mean_absolute_percentage_error": [56.48680114746094, 35.80271530151367, 31.228147506713867, 29.566104888916016, 28.881832122802734, 28.327959060668945, 27.36309814453125, 25.730499267578125, 24.32684898376465, 23.473529815673828, 22.81734275817871, 22.288021087646484, 21.836069107055664, 21.45090675354004, 21.050561904907227, 20.710508346557617, 20.431684494018555, 20.185169219970703, 20.0032901763916, 19.784757614135742, 19.63687515258789, 19.50361442565918, 19.39145851135254, 19.208290100097656, 19.115652084350586, 18.984085083007812, 18.87160873413086, 18.755176544189453, 18.626680374145508, 18.553207397460938, 18.440536499023438, 18.35392189025879, 18.28143882751465, 18.19601821899414, 18.12921142578125, 18.068395614624023, 18.00517463684082, 17.932714462280273, 17.90302848815918, 17.84926986694336], "val_loss": [0.014372340403497219, 0.009936816990375519, 0.008615463972091675, 0.00809816550463438, 0.007750956807285547, 0.00762846739962697, 0.007401078473776579, 0.0066679674200713634, 0.006399994250386953, 0.0059470003470778465, 0.005742860026657581, 0.005453259684145451, 0.0054832505993545055, 0.005118062719702721, 0.005065724719315767, 0.005012023728340864, 0.004971006419509649, 0.0048969583585858345, 0.004922958090901375, 0.00476727494969964, 0.004713109694421291, 0.004840537905693054, 0.004630189388990402, 0.004538504872471094, 0.0046251388266682625, 0.004695518407970667, 0.0045267208479344845, 0.004657955840229988, 0.004641939420253038, 0.004555186256766319, 0.004479881841689348, 0.004442000295966864, 0.004427419044077396, 0.004489499609917402, 0.004395578522235155, 0.004490931984037161, 0.004380838479846716, 0.004436624702066183, 0.004465686157345772, 0.0043144868686795235], "val_mean_absolute_percentage_error": [24271.3828125, 17800.98046875, 14835.947265625, 12207.9521484375, 11805.3173828125, 11120.4736328125, 9955.8466796875, 8737.0908203125, 8325.8203125, 7603.86279296875, 7872.8671875, 7975.6767578125, 7731.1142578125, 7197.734375, 6854.1865234375, 6533.21630859375, 6391.99560546875, 6028.72119140625, 5964.5029296875, 5823.716796875, 5817.38818359375, 6258.5029296875, 5920.75048828125, 5992.63818359375, 6107.5947265625, 6246.978515625, 6033.3876953125, 6360.60009765625, 6411.17431640625, 6111.111328125, 6104.56982421875, 6118.13818359375, 6069.71142578125, 6280.21142578125, 5937.611328125, 6299.8828125, 6001.60302734375, 6241.75634765625, 6241.66455078125, 5910.79248046875]}