{"loss": [0.03320387378334999, 0.010675754398107529, 0.008489196188747883, 0.007668882142752409, 0.007103367708623409, 0.006630606483668089, 0.006131173577159643, 0.005712273996323347, 0.005337925162166357, 0.005051744170486927, 0.004790067207068205, 0.004569448996335268, 0.004380118567496538, 0.004236079752445221, 0.0041198693215847015, 0.004008157644420862, 0.003909626975655556, 0.003827489446848631, 0.0037619322538375854, 0.003707175375893712, 0.003601573407649994, 0.0035381214693188667, 0.003485747380182147, 0.0034325351007282734, 0.003386168973520398, 0.0033511153887957335, 0.0033044067677110434, 0.003262915648519993, 0.0032197798136621714, 0.003181666834279895, 0.0031678068917244673, 0.0031196654308587313, 0.0030812066979706287, 0.003070139093324542, 0.0030279916245490313, 0.0030108944047242403, 0.0029841007199138403, 0.002967559266835451, 0.002945822663605213, 0.0029410470742732286], "mean_absolute_percentage_error": [54.79792785644531, 34.667720794677734, 30.06396484375, 28.465866088867188, 27.290237426757812, 26.257558822631836, 25.0340518951416, 23.91232681274414, 22.884902954101562, 22.171480178833008, 21.488739013671875, 20.861440658569336, 20.307329177856445, 19.853458404541016, 19.4624080657959, 19.115123748779297, 18.837663650512695, 18.557147979736328, 18.33631134033203, 18.1789493560791, 17.870433807373047, 17.694259643554688, 17.54247283935547, 17.37346839904785, 17.197885513305664, 17.11420249938965, 16.948535919189453, 16.813669204711914, 16.64310073852539, 16.551240921020508, 16.475723266601562, 16.33232879638672, 16.203798294067383, 16.130781173706055, 16.027921676635742, 15.966567039489746, 15.867701530456543, 15.773195266723633, 15.715044975280762, 15.676840782165527], "val_loss": [0.013495788909494877, 0.009082641452550888, 0.008145875297486782, 0.0074999574571847916, 0.00679546594619751, 0.006857810541987419, 0.006250699050724506, 0.0056279799900949, 0.005461195018142462, 0.005133969709277153, 0.0048484234139323235, 0.00473305257037282, 0.0044362968765199184, 0.004667212720960379, 0.004359301645308733, 0.004591845441609621, 0.004338976927101612, 0.004159757401794195, 0.00424463814124465, 0.00421844283118844, 0.004033245611935854, 0.004054115619510412, 0.0037882474716752768, 0.0038028224371373653, 0.003687918186187744, 0.0038412967696785927, 0.00374090694822371, 0.003632374107837677, 0.0037862116005271673, 0.003595361951738596, 0.003656524233520031, 0.0035156849771738052, 0.0035192749928683043, 0.0036140205338597298, 0.0034369556233286858, 0.0033756340853869915, 0.0034368240740150213, 0.003479080041870475, 0.0033881415147334337, 0.0034987712278962135], "val_mean_absolute_percentage_error": [19473.576171875, 15545.9287109375, 13895.4091796875, 12424.89453125, 11824.5927734375, 11643.318359375, 10864.7421875, 10113.796875, 9406.2236328125, 9414.1015625, 8885.1611328125, 8269.5419921875, 8086.51123046875, 8222.3779296875, 7866.17041015625, 7869.76171875, 7501.24951171875, 6866.85693359375, 6789.28759765625, 7408.73876953125, 7301.04296875, 7095.69580078125, 7074.66845703125, 6742.94189453125, 6524.193359375, 6952.8154296875, 6995.5810546875, 6881.7978515625, 7010.607421875, 6793.205078125, 6983.044921875, 6981.50634765625, 6765.45166015625, 6515.630859375, 6711.13916015625, 6200.7978515625, 6720.529296875, 6354.75830078125, 6373.28271484375, 6480.92333984375]}