{"loss": [0.032604146748781204, 0.011910371482372284, 0.008925853297114372, 0.007965249940752983, 0.007457644212990999, 0.0070702070370316505, 0.006697905715554953, 0.006355359684675932, 0.0061113410629332066, 0.005900295916944742, 0.00568566145375371, 0.005503497552126646, 0.005325358361005783, 0.005155866499990225, 0.004994077607989311, 0.00485307676717639, 0.004708798136562109, 0.004599538631737232, 0.004501251969486475, 0.004412955138832331, 0.004306458402425051, 0.004244519397616386, 0.004189776722341776, 0.0041276742704212666, 0.004091894254088402, 0.00405929097905755, 0.004011544398963451, 0.003979116678237915, 0.00395496841520071, 0.003911856561899185, 0.003877354087308049, 0.003855585353448987, 0.0038202775176614523, 0.003785445587709546, 0.003768342547118664, 0.0037297154776751995, 0.0037161316722631454, 0.003680234309285879, 0.0036595589481294155, 0.0036162070464342833], "mean_absolute_percentage_error": [55.685997009277344, 37.13430404663086, 30.944711685180664, 29.293010711669922, 28.268896102905273, 27.304615020751953, 26.14792823791504, 25.119192123413086, 24.34408187866211, 23.70406150817871, 23.08787727355957, 22.617145538330078, 22.181678771972656, 21.79103660583496, 21.462390899658203, 21.108821868896484, 20.782339096069336, 20.490835189819336, 20.22152328491211, 19.94645881652832, 19.633995056152344, 19.442058563232422, 19.274887084960938, 19.101499557495117, 18.956132888793945, 18.883424758911133, 18.736425399780273, 18.635866165161133, 18.49835968017578, 18.455469131469727, 18.34386444091797, 18.240657806396484, 18.139177322387695, 18.0677433013916, 17.983320236206055, 17.890642166137695, 17.827381134033203, 17.715383529663086, 17.65235137939453, 17.551923751831055], "val_loss": [0.01601497083902359, 0.010070757940411568, 0.00891414750367403, 0.00809597596526146, 0.007941138930618763, 0.007416261360049248, 0.007315326482057571, 0.006864630151540041, 0.007068180013448, 0.006926446687430143, 0.006218217313289642, 0.006407713517546654, 0.006266063079237938, 0.0058359261602163315, 0.005687709432095289, 0.005650410428643227, 0.005431762430816889, 0.005395632702857256, 0.005210403818637133, 0.005013113375753164, 0.00495449872687459, 0.005144968628883362, 0.005021131131798029, 0.005057221278548241, 0.0048368447460234165, 0.005102080292999744, 0.004996879957616329, 0.004813202656805515, 0.004910340532660484, 0.004677620250731707, 0.004706526640802622, 0.004761175252497196, 0.004630299285054207, 0.004652590025216341, 0.004471378866583109, 0.004522352945059538, 0.0045306505635380745, 0.004452798515558243, 0.004457493778318167, 0.004408414475619793], "val_mean_absolute_percentage_error": [22573.2578125, 16978.08203125, 14569.302734375, 12755.54296875, 12036.3935546875, 11371.0673828125, 10658.8505859375, 9901.546875, 9701.55859375, 9064.0498046875, 8807.2216796875, 8990.1767578125, 8974.53125, 8721.8427734375, 8388.3388671875, 8449.8466796875, 7768.74609375, 7642.2666015625, 7516.2978515625, 6882.63427734375, 6681.86865234375, 6503.75146484375, 6515.740234375, 6167.3759765625, 6340.5849609375, 5830.32080078125, 6138.54833984375, 5731.24072265625, 5859.732421875, 5503.92578125, 5433.08984375, 5646.10009765625, 5578.96630859375, 5765.3759765625, 5599.78125, 5611.5419921875, 5544.80078125, 5436.53564453125, 5280.4423828125, 5520.01708984375]}