{"loss": [0.03140582516789436, 0.011161449365317822, 0.008883757516741753, 0.008065770380198956, 0.007713723462074995, 0.007479826919734478, 0.007184150628745556, 0.006844181101769209, 0.006535988301038742, 0.006276438478380442, 0.006011651828885078, 0.005742970388382673, 0.005517239216715097, 0.00532701937481761, 0.005159574560821056, 0.004995557479560375, 0.0048399935476481915, 0.0047007459215819836, 0.004574766848236322, 0.004501649644225836, 0.004429991357028484, 0.004372984170913696, 0.004323857370764017, 0.004276137799024582, 0.004225367680191994, 0.004198319744318724, 0.004146107938140631, 0.004107242915779352, 0.00406320346519351, 0.004029450938105583, 0.0039884671568870544, 0.003946968354284763, 0.003910334315150976, 0.0038848784752190113, 0.00386062846519053, 0.00382579886354506, 0.003803619183599949, 0.0037773028016090393, 0.003773615462705493, 0.0037324274890124798], "mean_absolute_percentage_error": [55.906402587890625, 35.461429595947266, 30.814804077148438, 29.588897705078125, 28.935060501098633, 28.34534454345703, 27.477663040161133, 26.38627815246582, 25.363489151000977, 24.577844619750977, 23.79597282409668, 23.082204818725586, 22.543838500976562, 22.091461181640625, 21.741195678710938, 21.40277862548828, 21.03423309326172, 20.641817092895508, 20.289051055908203, 20.074832916259766, 19.84760856628418, 19.697237014770508, 19.55495834350586, 19.3912353515625, 19.24443244934082, 19.17521858215332, 19.036157608032227, 18.922433853149414, 18.80345344543457, 18.696704864501953, 18.56980323791504, 18.462478637695312, 18.365741729736328, 18.279621124267578, 18.18714714050293, 18.0771427154541, 18.006519317626953, 17.91286849975586, 17.903005599975586, 17.776033401489258], "val_loss": [0.015597047284245491, 0.009900032542645931, 0.008934855461120605, 0.008447891101241112, 0.008464428596198559, 0.008097220212221146, 0.007563070859760046, 0.0076301866210997105, 0.007307084742933512, 0.006891539320349693, 0.006806413643062115, 0.006461220793426037, 0.0062492708675563335, 0.0058837104588747025, 0.00604983139783144, 0.005740930326282978, 0.0055542574264109135, 0.0055092982947826385, 0.005319205578416586, 0.0052174790762364864, 0.005356363486498594, 0.005230029579252005, 0.005110909231007099, 0.0050036064349114895, 0.0051827821880578995, 0.005198769271373749, 0.005119034554809332, 0.005088558420538902, 0.00505642406642437, 0.004875373560935259, 0.005074087996035814, 0.0049501024186611176, 0.004959680140018463, 0.0047950162552297115, 0.0047767446376383305, 0.004675662610679865, 0.004930237773805857, 0.004764544311910868, 0.004750578198581934, 0.004696158226579428], "val_mean_absolute_percentage_error": [22352.095703125, 16474.919921875, 13748.8896484375, 12893.298828125, 12138.806640625, 11401.2001953125, 10729.7626953125, 10028.7470703125, 9535.4208984375, 9157.2861328125, 9079.650390625, 8311.458984375, 8672.826171875, 8644.6826171875, 8595.986328125, 7852.4306640625, 7485.47265625, 7124.6552734375, 6520.69482421875, 6048.18408203125, 6087.3623046875, 6025.21533203125, 5486.783203125, 5452.2841796875, 5354.86181640625, 5407.2607421875, 5261.544921875, 5300.51416015625, 4986.68115234375, 4917.55908203125, 5195.830078125, 5364.31396484375, 5448.3349609375, 5171.689453125, 5126.0537109375, 5187.44775390625, 5390.71826171875, 5035.3193359375, 5648.42041015625, 5513.94970703125]}