{"loss": [0.03309284523129463, 0.011397365480661392, 0.008806589990854263, 0.007982292212545872, 0.007547559682279825, 0.007283961400389671, 0.007028563413769007, 0.006723894737660885, 0.006418223027139902, 0.006143055856227875, 0.005922732874751091, 0.005683880299329758, 0.005486153066158295, 0.005297331605106592, 0.005088399164378643, 0.00493041705340147, 0.004815313033759594, 0.004682022612541914, 0.004580743610858917, 0.004482769872993231, 0.0044074226170778275, 0.004325306974351406, 0.004247668199241161, 0.004187783692032099, 0.004138262942433357, 0.004077745135873556, 0.004026555456221104, 0.003981581423431635, 0.003950314596295357, 0.003901253454387188, 0.0038768684025853872, 0.003834728617221117, 0.003777112113311887, 0.003745218040421605, 0.0037076629232615232, 0.003670806996524334, 0.003630364080891013, 0.0036007629241794348, 0.0035676786210387945, 0.003550331573933363], "mean_absolute_percentage_error": [56.36229705810547, 36.12560272216797, 30.7690486907959, 29.39594268798828, 28.608291625976562, 28.004812240600586, 27.35404396057129, 26.457679748535156, 25.540403366088867, 24.625059127807617, 23.93061637878418, 23.229244232177734, 22.64181900024414, 22.157630920410156, 21.67319679260254, 21.295133590698242, 20.9836483001709, 20.653331756591797, 20.403194427490234, 20.166667938232422, 19.936115264892578, 19.700279235839844, 19.5031795501709, 19.322315216064453, 19.147830963134766, 18.961973190307617, 18.836427688598633, 18.72876739501953, 18.632471084594727, 18.487258911132812, 18.386241912841797, 18.253183364868164, 18.10118865966797, 18.01483154296875, 17.919958114624023, 17.77159309387207, 17.694534301757812, 17.56405258178711, 17.45897102355957, 17.405351638793945], "val_loss": [0.015960171818733215, 0.009611070156097412, 0.008761315606534481, 0.008357848972082138, 0.008293806575238705, 0.0075883460231125355, 0.007432154379785061, 0.007012779358774424, 0.0070907180197536945, 0.006883443798869848, 0.006690901704132557, 0.006365491077303886, 0.006136375479400158, 0.005874840077012777, 0.005892245098948479, 0.005687626078724861, 0.005383297801017761, 0.005204164423048496, 0.0053564757108688354, 0.0052587422542274, 0.0051485877484083176, 0.004822022281587124, 0.004923063796013594, 0.0047593810595571995, 0.00460708187893033, 0.004817274399101734, 0.004744339268654585, 0.004601102322340012, 0.004755773115903139, 0.004431350156664848, 0.004495035391300917, 0.0045335362665355206, 0.004468180704861879, 0.004414157941937447, 0.004505614750087261, 0.0044172233901917934, 0.00436772545799613, 0.0044191149063408375, 0.004289247561246157, 0.004392722621560097], "val_mean_absolute_percentage_error": [22450.802734375, 16503.47265625, 14022.548828125, 13659.2529296875, 12489.4013671875, 11607.33984375, 11406.4912109375, 10465.556640625, 10022.0439453125, 9492.810546875, 9432.6396484375, 8908.9248046875, 8958.947265625, 8571.4287109375, 8924.13671875, 8252.4365234375, 8124.67431640625, 7759.919921875, 7894.05029296875, 8033.50146484375, 7282.74365234375, 6636.6259765625, 6682.25390625, 6534.15380859375, 6395.1787109375, 6450.93115234375, 6789.49755859375, 6294.63720703125, 6472.708984375, 5968.93896484375, 6310.9541015625, 6337.6904296875, 6373.96728515625, 6243.71337890625, 6108.03125, 6621.216796875, 6332.08837890625, 6197.84423828125, 6200.9931640625, 6389.96630859375]}