{"loss": [0.030823558568954468, 0.010626795701682568, 0.008816001005470753, 0.008078708313405514, 0.007649601437151432, 0.0073873079381883144, 0.00712506053969264, 0.006809595972299576, 0.00644996203482151, 0.006156771443784237, 0.005905881058424711, 0.005691700614988804, 0.005462826695293188, 0.005231852177530527, 0.005025885999202728, 0.004881318658590317, 0.004747173748910427, 0.004614642821252346, 0.004480722825974226, 0.00439868401736021, 0.004305925220251083, 0.00424761138856411, 0.004201594740152359, 0.004141632467508316, 0.004110644571483135, 0.004065051209181547, 0.004041711334139109, 0.003988322336226702, 0.003955715801566839, 0.003920818213373423, 0.0038838237524032593, 0.003852898022159934, 0.003820272395387292, 0.0038194898515939713, 0.0037755747325718403, 0.003757158061489463, 0.0037347888574004173, 0.0036972886882722378, 0.0036801984533667564, 0.0036530212964862585], "mean_absolute_percentage_error": [54.37116241455078, 34.5041618347168, 30.879623413085938, 29.60321617126465, 28.805355072021484, 28.19788360595703, 27.513200759887695, 26.51492691040039, 25.360395431518555, 24.4311580657959, 23.66440200805664, 23.080686569213867, 22.528175354003906, 22.0317325592041, 21.55301284790039, 21.20619773864746, 20.862319946289062, 20.526517868041992, 20.159141540527344, 19.899105072021484, 19.60675048828125, 19.42303466796875, 19.284503936767578, 19.122180938720703, 19.015981674194336, 18.872159957885742, 18.79383087158203, 18.671772003173828, 18.55109405517578, 18.43874740600586, 18.36319923400879, 18.277847290039062, 18.16736602783203, 18.127967834472656, 17.990480422973633, 17.942747116088867, 17.898845672607422, 17.783594131469727, 17.720964431762695, 17.640642166137695], "val_loss": [0.013513577170670033, 0.009817770682275295, 0.009116897359490395, 0.008804881013929844, 0.008237707428634167, 0.008134938776493073, 0.007906888611614704, 0.00748023996129632, 0.007348295766860247, 0.00685391528531909, 0.006725821178406477, 0.006530586164444685, 0.0061584883369505405, 0.006010908167809248, 0.005797017831355333, 0.0057984692975878716, 0.005523340310901403, 0.005950978025794029, 0.005280285142362118, 0.00508189108222723, 0.005129254423081875, 0.005333604756742716, 0.005096864886581898, 0.004957601893693209, 0.005037918221205473, 0.00499341357499361, 0.004793492611497641, 0.0049711670726537704, 0.0048263841308653355, 0.004872717894613743, 0.0047677671536803246, 0.004717310890555382, 0.004823906812816858, 0.004726490005850792, 0.0045992848463356495, 0.004475335590541363, 0.004662162624299526, 0.004601131659001112, 0.00447555398568511, 0.0045560142025351524], "val_mean_absolute_percentage_error": [20540.40234375, 15822.580078125, 14032.4443359375, 13431.8916015625, 12203.873046875, 11985.4521484375, 11170.3271484375, 10450.57421875, 9867.5634765625, 9255.9921875, 8779.8740234375, 8633.453125, 8685.048828125, 8396.400390625, 8315.8095703125, 8515.306640625, 8095.3447265625, 8132.38427734375, 7117.09130859375, 6421.65478515625, 6147.4091796875, 6626.484375, 6199.4619140625, 5757.24072265625, 5847.33984375, 6031.146484375, 5783.8427734375, 6011.21630859375, 5826.7978515625, 5765.48095703125, 5633.82275390625, 5557.04248046875, 5536.583984375, 5658.115234375, 5585.06298828125, 5580.20751953125, 5784.3916015625, 5686.22119140625, 5369.826171875, 5412.86083984375]}