{"loss": [0.031228363513946533, 0.01188941951841116, 0.008987042121589184, 0.007927889935672283, 0.007409941405057907, 0.00701473793014884, 0.006672408431768417, 0.006391407456248999, 0.006143819075077772, 0.00592693081125617, 0.0057022287510335445, 0.005461639259010553, 0.0052531263791024685, 0.005060689523816109, 0.004876553080976009, 0.004769100807607174, 0.0046300459653139114, 0.004522367846220732, 0.004425819963216782, 0.004315536934882402, 0.0042608510702848434, 0.004164328798651695, 0.004122154787182808, 0.004058831371366978, 0.003995681647211313, 0.0039598941802978516, 0.0038889723364263773, 0.0038523285184055567, 0.003809186164289713, 0.0037798029370605946, 0.003737368620932102, 0.0036863270215690136, 0.0036653955467045307, 0.00364183122292161, 0.003598059993237257, 0.0035561288241297007, 0.00351661816239357, 0.0034841320011764765, 0.003459698287770152, 0.0034151531290262938], "mean_absolute_percentage_error": [55.04960250854492, 37.21549606323242, 31.18991470336914, 29.386438369750977, 28.304407119750977, 27.198469161987305, 26.127702713012695, 25.31382942199707, 24.600915908813477, 23.970277786254883, 23.329980850219727, 22.77178955078125, 22.253738403320312, 21.799636840820312, 21.380468368530273, 21.104145050048828, 20.77063751220703, 20.45893669128418, 20.169065475463867, 19.84373664855957, 19.6356143951416, 19.3740234375, 19.23866081237793, 19.0314998626709, 18.84099578857422, 18.71617889404297, 18.510839462280273, 18.379838943481445, 18.27246856689453, 18.154634475708008, 18.024599075317383, 17.906076431274414, 17.802793502807617, 17.73403549194336, 17.616254806518555, 17.46592903137207, 17.32311248779297, 17.27862548828125, 17.15947914123535, 17.0460147857666], "val_loss": [0.015361345373094082, 0.010046534240245819, 0.008879373781383038, 0.008326925337314606, 0.007805846631526947, 0.0072354464791715145, 0.007197519764304161, 0.006917023099958897, 0.0069058118388056755, 0.006268372759222984, 0.006114249583333731, 0.006005640607327223, 0.00557208526879549, 0.005393377039581537, 0.005374912638217211, 0.005238510202616453, 0.005066267680376768, 0.0052183219231665134, 0.0049531590193510056, 0.00495239207521081, 0.004927625879645348, 0.004928000271320343, 0.004869583062827587, 0.004613279365003109, 0.004719439893960953, 0.004605278372764587, 0.0045572551898658276, 0.004714749287813902, 0.0045792763121426105, 0.004612423479557037, 0.0044630481861531734, 0.00435708137229085, 0.004334251396358013, 0.004302580375224352, 0.004342011641710997, 0.004170864354819059, 0.004264419432729483, 0.0042053344659507275, 0.004150567576289177, 0.004122815560549498], "val_mean_absolute_percentage_error": [21976.73046875, 16700.96875, 14258.9619140625, 13093.048828125, 12123.630859375, 10941.6357421875, 10632.7451171875, 10031.8330078125, 9830.4091796875, 9080.6640625, 9275.0009765625, 8914.7890625, 8641.326171875, 8725.3134765625, 8602.6669921875, 8476.841796875, 8081.2421875, 7733.44287109375, 7661.37109375, 7298.12060546875, 6997.87451171875, 7130.56005859375, 6825.509765625, 6599.51025390625, 6354.6982421875, 6530.07666015625, 6242.14990234375, 6271.6435546875, 6193.0576171875, 6519.68359375, 6097.44775390625, 6312.169921875, 6043.234375, 5859.7490234375, 5765.4140625, 5545.73779296875, 5849.07470703125, 5259.1181640625, 5601.21923828125, 5280.6796875]}