{"loss": [0.03210750222206116, 0.011948682367801666, 0.008788316510617733, 0.007949714548885822, 0.0075479308143258095, 0.007317469455301762, 0.007032705936580896, 0.006695155054330826, 0.006323543842881918, 0.00597208458930254, 0.005647135432809591, 0.005375786684453487, 0.005133137106895447, 0.004940958693623543, 0.004781760741025209, 0.004659674130380154, 0.004547328222543001, 0.004443639889359474, 0.004363043233752251, 0.004289028700441122, 0.004212961066514254, 0.0041636573150753975, 0.004123032558709383, 0.004071264527738094, 0.004028622061014175, 0.003989075310528278, 0.003965464886277914, 0.0039023607969284058, 0.0038985188584774733, 0.0038278228603303432, 0.003822515718638897, 0.003789136651903391, 0.0037608917336910963, 0.0037220967933535576, 0.003692047903314233, 0.0036790953017771244, 0.0036463013384491205, 0.0036191740073263645, 0.003581865457817912, 0.0035750092938542366], "mean_absolute_percentage_error": [55.848114013671875, 37.26034164428711, 30.7110652923584, 29.29491424560547, 28.514341354370117, 28.020490646362305, 27.26252555847168, 26.26740837097168, 25.107192993164062, 24.04722023010254, 23.193218231201172, 22.50135612487793, 21.893468856811523, 21.412761688232422, 21.0078125, 20.627695083618164, 20.318296432495117, 19.976806640625, 19.743141174316406, 19.487524032592773, 19.2676944732666, 19.112991333007812, 18.95377540588379, 18.80684471130371, 18.688146591186523, 18.562755584716797, 18.47188377380371, 18.305965423583984, 18.24896812438965, 18.06397247314453, 18.023582458496094, 17.915666580200195, 17.810468673706055, 17.71778106689453, 17.629535675048828, 17.548751831054688, 17.44243049621582, 17.365129470825195, 17.264162063598633, 17.238603591918945], "val_loss": [0.016205409541726112, 0.009562966413795948, 0.008712492883205414, 0.008075743913650513, 0.008312991820275784, 0.007961549796164036, 0.0076109012588858604, 0.007173366378992796, 0.00673443591222167, 0.006767032667994499, 0.0061364383436739445, 0.006084983702749014, 0.005875361617654562, 0.005636277142912149, 0.005638747941702604, 0.005203154403716326, 0.0053747412748634815, 0.0053098793141543865, 0.005050675943493843, 0.0051135108806192875, 0.005036951974034309, 0.0049184695817530155, 0.004961981903761625, 0.0048026712611317635, 0.0050353072583675385, 0.004888296127319336, 0.00471473578363657, 0.004796805325895548, 0.0047053322196006775, 0.004838069900870323, 0.004645907785743475, 0.004683580249547958, 0.0044861664064228535, 0.004564644303172827, 0.004565399140119553, 0.004436363931745291, 0.00444926368072629, 0.004630697425454855, 0.004511598963290453, 0.004479329567402601], "val_mean_absolute_percentage_error": [22027.0078125, 16103.470703125, 14285.6474609375, 12946.251953125, 12929.8291015625, 11874.2021484375, 10948.2841796875, 10367.5, 9588.4189453125, 9596.07421875, 9536.6044921875, 9403.8076171875, 9087.0341796875, 8820.8876953125, 8737.0, 8319.6689453125, 7609.31103515625, 7516.10107421875, 7133.69091796875, 6996.314453125, 6715.95458984375, 6408.58740234375, 6307.1279296875, 6385.07421875, 6678.841796875, 6348.037109375, 6341.9208984375, 6145.55615234375, 6234.244140625, 6259.1044921875, 6109.78955078125, 6221.19921875, 6438.9326171875, 6221.78125, 6166.39892578125, 6086.92919921875, 5970.93212890625, 6219.02587890625, 6147.36279296875, 6152.91064453125]}