{"loss": [0.024563346058130264, 0.007757974322885275, 0.006076120771467686, 0.005175216589123011, 0.004578394815325737, 0.004134714137762785, 0.003804509062319994, 0.0035935600753873587, 0.003386602969840169, 0.0031751252245157957, 0.0030346533749252558, 0.002884093439206481, 0.002747334772720933, 0.002613022457808256, 0.002457251539453864, 0.0023687011562287807, 0.002261475659906864, 0.002146726008504629, 0.0020852566231042147, 0.002006734721362591, 0.0019361183512955904, 0.0019020353211089969, 0.0018502807943150401, 0.0018255948089063168, 0.0017798804910853505, 0.00173720542807132, 0.0017016346100717783, 0.0016691990895196795, 0.0016633819323033094, 0.0016241773264482617, 0.0016105931717902422, 0.0016021821647882462, 0.0015735181514173746, 0.0015545713249593973, 0.001502941595390439, 0.0015013176016509533, 0.0014968308387324214, 0.0014631490921601653, 0.0014587241457775235, 0.0014536571688950062], "mean_absolute_percentage_error": [46.204532623291016, 28.92076873779297, 25.24221420288086, 22.845073699951172, 21.130327224731445, 19.7924747467041, 18.824831008911133, 18.119503021240234, 17.56070327758789, 16.921789169311523, 16.48111915588379, 16.022859573364258, 15.565624237060547, 15.163310050964355, 14.76535701751709, 14.365166664123535, 14.052136421203613, 13.690911293029785, 13.464582443237305, 13.182134628295898, 12.892496109008789, 12.763960838317871, 12.56967544555664, 12.446609497070312, 12.312949180603027, 12.137578010559082, 12.003606796264648, 11.849211692810059, 11.805464744567871, 11.629819869995117, 11.576051712036133, 11.499313354492188, 11.42856216430664, 11.346338272094727, 11.197137832641602, 11.157567024230957, 11.099849700927734, 10.959468841552734, 10.951815605163574, 10.904611587524414], "val_loss": [0.006874278653413057, 0.00503324531018734, 0.004315655212849379, 0.0041581206023693085, 0.0035865905229002237, 0.003465284127742052, 0.003279967000707984, 0.002955425763502717, 0.0027819941751658916, 0.0028222331311553717, 0.0027646482922136784, 0.002516647567972541, 0.002365588676184416, 0.00210210750810802, 0.002008805051445961, 0.0019099339842796326, 0.0017821899382397532, 0.0017489107558503747, 0.0017010230803862214, 0.001572225708514452, 0.0016360420268028975, 0.0015793428756296635, 0.0014265630161389709, 0.0014366914983838797, 0.0013903770595788956, 0.001519490615464747, 0.001458392129279673, 0.0015015082899481058, 0.0013614918570965528, 0.0014476579381152987, 0.0013278956757858396, 0.0013987848069518805, 0.0013777308631688356, 0.0013773285318166018, 0.001339379814453423, 0.001438191276974976, 0.0014555164379999042, 0.001476932317018509, 0.001427726703695953, 0.0013410516548901796], "val_mean_absolute_percentage_error": [14429.6845703125, 12971.8388671875, 12150.1416015625, 11385.69140625, 9147.9130859375, 9448.4541015625, 9278.1474609375, 9522.5849609375, 9131.7099609375, 9253.2490234375, 9092.501953125, 9222.0732421875, 8990.080078125, 8370.779296875, 7662.8046875, 7491.33154296875, 7549.13330078125, 7189.47705078125, 6966.6875, 6501.244140625, 6327.72607421875, 6760.0263671875, 6315.61669921875, 5807.869140625, 6174.94384765625, 5468.1767578125, 5944.908203125, 6043.63330078125, 5632.8173828125, 5926.84326171875, 5478.55859375, 5655.05908203125, 5917.37255859375, 5327.69384765625, 5632.08544921875, 5387.3662109375, 5388.8603515625, 5262.89794921875, 5041.30126953125, 5495.5712890625]}