{"loss": [0.03100152686238289, 0.009002060629427433, 0.006940115708857775, 0.00602599186822772, 0.005303212907165289, 0.004791387356817722, 0.004437258467078209, 0.0041573541238904, 0.003937853500247002, 0.003755879122763872, 0.0036041210405528545, 0.003503338433802128, 0.003397615859284997, 0.0033298369962722063, 0.0032107664737850428, 0.0031135943718254566, 0.0030285886023193598, 0.002952005947008729, 0.002887333044782281, 0.002822614973410964, 0.0027633251156657934, 0.0026861983351409435, 0.0026231673546135426, 0.002551841549575329, 0.002479364862665534, 0.002419710624963045, 0.002413689624518156, 0.0023344799410551786, 0.00230779848061502, 0.0022685457952320576, 0.002232002094388008, 0.0022150524891912937, 0.0021770161110907793, 0.0021522394381463528, 0.0021236352622509003, 0.002119326265528798, 0.002099551958963275, 0.0020668611396104097, 0.0020466260612010956, 0.00204929756000638], "mean_absolute_percentage_error": [51.854942321777344, 31.549503326416016, 27.071746826171875, 25.074960708618164, 23.282024383544922, 21.85578727722168, 20.803726196289062, 19.917091369628906, 19.288066864013672, 18.720273971557617, 18.233606338500977, 17.91190528869629, 17.547704696655273, 17.29125213623047, 16.96835708618164, 16.71457290649414, 16.418588638305664, 16.16613006591797, 15.94367504119873, 15.74813175201416, 15.534875869750977, 15.300538063049316, 15.05794620513916, 14.828729629516602, 14.601764678955078, 14.405996322631836, 14.319270133972168, 14.04935073852539, 13.985801696777344, 13.834245681762695, 13.711938858032227, 13.62659740447998, 13.518943786621094, 13.426056861877441, 13.269654273986816, 13.216984748840332, 13.210064888000488, 13.03642463684082, 12.972389221191406, 12.946616172790527], "val_loss": [0.010454229079186916, 0.007064811885356903, 0.005506664980202913, 0.0051020546816289425, 0.004384370055049658, 0.004040408413857222, 0.004229092039167881, 0.003676657099276781, 0.0038632280193269253, 0.0035660455469042063, 0.0034940524492412806, 0.003244302701205015, 0.003222472732886672, 0.0030913976952433586, 0.0030496204271912575, 0.002883878303691745, 0.002789741614833474, 0.0026653041131794453, 0.0026171619538217783, 0.0026610700879245996, 0.0025269745383411646, 0.0023866703268140554, 0.0024026220198720694, 0.002315221354365349, 0.0022120331414043903, 0.0021467863116413355, 0.0021547717042267323, 0.0021384526044130325, 0.002075767144560814, 0.00210473476909101, 0.0020752688869833946, 0.002076292410492897, 0.0021066367626190186, 0.002085460815578699, 0.001990617485716939, 0.0020423377864062786, 0.002090617548674345, 0.0020193951204419136, 0.0020238275174051523, 0.0019990154542028904], "val_mean_absolute_percentage_error": [14902.9033203125, 14378.72265625, 12104.125, 10128.357421875, 10256.0576171875, 9509.1240234375, 9179.552734375, 8474.0830078125, 9106.361328125, 8280.412109375, 7934.79052734375, 7837.1904296875, 8220.771484375, 7803.3037109375, 7890.60693359375, 7745.4267578125, 7705.72314453125, 7498.14306640625, 7896.75927734375, 7919.08154296875, 7627.2431640625, 7176.86083984375, 7317.28173828125, 7200.40283203125, 6278.87060546875, 6757.26123046875, 6508.51708984375, 6222.986328125, 6488.1064453125, 5921.7578125, 6048.7890625, 6312.369140625, 5961.19482421875, 5990.2646484375, 6037.12353515625, 5792.36279296875, 5592.46533203125, 5890.01611328125, 6134.8779296875, 5300.3642578125]}