{"loss": [0.02975488267838955, 0.008330583572387695, 0.006646911147981882, 0.005780933424830437, 0.005169102922081947, 0.004708828404545784, 0.004398077726364136, 0.004070708993822336, 0.0038586060982197523, 0.0036635298747569323, 0.0034729090984910727, 0.003337277565151453, 0.003224720247089863, 0.0031004343181848526, 0.0030401600524783134, 0.002924948697909713, 0.0028389401268213987, 0.0027708851266652346, 0.002688551554456353, 0.002626113360747695, 0.0025770028587430716, 0.0024988811928778887, 0.0024633866269141436, 0.002412343630567193, 0.0023962687700986862, 0.0023310957476496696, 0.0022922756616026163, 0.002271599369123578, 0.002222245093435049, 0.0022003045305609703, 0.0021633377764374018, 0.0021246394608169794, 0.002131402026861906, 0.0020883053075522184, 0.0020790225826203823, 0.0020665256306529045, 0.0020497043151408434, 0.002039332175627351, 0.002000877633690834, 0.0019873196724802256], "mean_absolute_percentage_error": [50.31895065307617, 30.210466384887695, 26.624853134155273, 24.55501937866211, 22.91304588317871, 21.613718032836914, 20.691110610961914, 19.72299575805664, 19.032695770263672, 18.450260162353516, 17.840389251708984, 17.410951614379883, 17.040008544921875, 16.723386764526367, 16.407405853271484, 16.05721092224121, 15.843494415283203, 15.590607643127441, 15.313833236694336, 15.11573314666748, 14.922101020812988, 14.70881462097168, 14.582296371459961, 14.368239402770996, 14.271819114685059, 14.069594383239746, 13.924318313598633, 13.840140342712402, 13.683833122253418, 13.584636688232422, 13.452591896057129, 13.326066017150879, 13.285371780395508, 13.17152214050293, 13.1157808303833, 13.042691230773926, 12.960100173950195, 12.90114688873291, 12.781122207641602, 12.689737319946289], "val_loss": [0.009373621083796024, 0.006441549863666296, 0.005492455326020718, 0.004760587587952614, 0.004316116217523813, 0.003963973373174667, 0.004268201068043709, 0.0036465218290686607, 0.003493197960779071, 0.0031873038969933987, 0.0030423798598349094, 0.002978860167786479, 0.002862726105377078, 0.002904789289459586, 0.0027475536335259676, 0.0026683250907808542, 0.0025791150983422995, 0.002612912328913808, 0.002436526119709015, 0.0023956471122801304, 0.002283925423398614, 0.0023188884370028973, 0.0022200820967555046, 0.0022170713637024164, 0.0021331915631890297, 0.0021809733007103205, 0.0021245297975838184, 0.00206315191462636, 0.0021092353854328394, 0.0020807774271816015, 0.002032185671851039, 0.0021056781988590956, 0.0019728236366063356, 0.0020796903409063816, 0.0020281055476516485, 0.002036730060353875, 0.0020265381317585707, 0.0020768281538039446, 0.0019066049717366695, 0.002026405418291688], "val_mean_absolute_percentage_error": [15951.2900390625, 13731.2236328125, 11662.236328125, 11976.642578125, 11032.7421875, 10992.142578125, 10687.603515625, 9640.681640625, 9333.240234375, 8483.6611328125, 8495.2919921875, 8624.884765625, 8154.125, 8376.8193359375, 8153.1875, 8270.8037109375, 7910.55908203125, 8446.1376953125, 7672.7548828125, 8062.90234375, 7481.0224609375, 6912.28955078125, 7100.41015625, 6985.5908203125, 7095.7158203125, 6607.38427734375, 6982.24072265625, 6890.2197265625, 6545.7490234375, 5976.30712890625, 6043.396484375, 5678.2822265625, 6248.40625, 5955.18115234375, 6393.224609375, 5856.8994140625, 5953.89892578125, 6185.4970703125, 6000.03857421875, 5885.1611328125]}