{"loss": [0.02756466530263424, 0.008319553919136524, 0.006799148395657539, 0.005906879901885986, 0.005175552796572447, 0.004658029414713383, 0.004260378889739513, 0.004066144581884146, 0.0038420194759964943, 0.003641287097707391, 0.003529708366841078, 0.0034007623326033354, 0.0033065613824874163, 0.0032007344998419285, 0.0030914689414203167, 0.0030289615970104933, 0.0029136487282812595, 0.0028528310358524323, 0.002766101388260722, 0.0026816411409527063, 0.0026112941559404135, 0.0025671832263469696, 0.0025088260881602764, 0.0024188929237425327, 0.002382901730015874, 0.0023340932093560696, 0.00227731722407043, 0.0022483484353870153, 0.0022158329375088215, 0.0021920655854046345, 0.002183823147788644, 0.0021339054219424725, 0.002107897074893117, 0.0020844561513513327, 0.0020665135234594345, 0.00203858339227736, 0.0020239311270415783, 0.0019848248921334743, 0.001993359299376607, 0.001978423213586211], "mean_absolute_percentage_error": [49.14008712768555, 30.30744743347168, 26.944408416748047, 24.82749366760254, 23.058000564575195, 21.496599197387695, 20.353626251220703, 19.672718048095703, 18.980173110961914, 18.33976173400879, 17.9761962890625, 17.557937622070312, 17.25727081298828, 16.862977981567383, 16.56341552734375, 16.33890724182129, 16.052494049072266, 15.814996719360352, 15.58438491821289, 15.33182430267334, 15.112884521484375, 14.956226348876953, 14.740727424621582, 14.499133110046387, 14.32636833190918, 14.159031867980957, 13.95312786102295, 13.818951606750488, 13.710251808166504, 13.58012580871582, 13.572842597961426, 13.369987487792969, 13.229131698608398, 13.197283744812012, 13.080097198486328, 13.012048721313477, 12.93614673614502, 12.830081939697266, 12.786689758300781, 12.705021858215332], "val_loss": [0.00832942221313715, 0.006286966614425182, 0.005790242459625006, 0.004767708480358124, 0.004347181413322687, 0.003907531499862671, 0.0036538278218358755, 0.003549908520653844, 0.0035668988712131977, 0.003226260421797633, 0.0032454519532620907, 0.0030780849047005177, 0.0029958393424749374, 0.0029487675055861473, 0.002751956693828106, 0.002749202074483037, 0.0026978563982993364, 0.002647140994668007, 0.002454116242006421, 0.0023812297731637955, 0.002344677224755287, 0.002233324572443962, 0.0021361871622502804, 0.002078736899420619, 0.0020020930096507072, 0.0019604398403316736, 0.0019588442519307137, 0.001973876031115651, 0.0019018813036382198, 0.00201192288659513, 0.0020024338737130165, 0.0018335225759074092, 0.0018772352486848831, 0.0018957239808514714, 0.0018795788055285811, 0.0018813987262547016, 0.0018575445283204317, 0.0018984172493219376, 0.0018518069991841912, 0.001862616976723075], "val_mean_absolute_percentage_error": [15035.05859375, 12935.4765625, 12901.5048828125, 12013.888671875, 11482.7568359375, 10358.388671875, 10314.83203125, 9539.2822265625, 9594.396484375, 8918.0537109375, 8483.185546875, 8058.7275390625, 8457.1396484375, 8128.93212890625, 7722.54296875, 7344.0478515625, 7643.14306640625, 7844.0556640625, 7348.9404296875, 7331.00537109375, 6818.68017578125, 7149.501953125, 7007.8544921875, 6747.33447265625, 6793.72705078125, 6431.00439453125, 6328.67578125, 6477.4404296875, 6611.716796875, 5931.8271484375, 5992.85302734375, 5791.5166015625, 5969.51611328125, 5904.53369140625, 5786.96630859375, 5778.47314453125, 5600.75537109375, 5692.72314453125, 5290.03857421875, 5480.85498046875]}