{"loss": [0.03208691254258156, 0.010596377775073051, 0.00825645960867405, 0.007491761352866888, 0.006880353670567274, 0.006333863362669945, 0.00588697986677289, 0.0055378517135977745, 0.005221002735197544, 0.004979622084647417, 0.004782264586538076, 0.004595563746988773, 0.004421001300215721, 0.004296727012842894, 0.004136990290135145, 0.004059273283928633, 0.0039510903880000114, 0.003883817233145237, 0.003818269819021225, 0.00375852407887578, 0.0036742251832038164, 0.003622338641434908, 0.0035504568368196487, 0.003502802224829793, 0.003460652194917202, 0.003415970830246806, 0.0033731083385646343, 0.0033290465362370014, 0.003303686622530222, 0.0032568639144301414, 0.003220736514776945, 0.003192166332155466, 0.003153507597744465, 0.0031320408452302217, 0.003090780694037676, 0.0030856963712722063, 0.003049254883080721, 0.003010150510817766, 0.00298700830899179, 0.002953380113467574], "mean_absolute_percentage_error": [54.112220764160156, 34.71003723144531, 29.83942413330078, 28.24119758605957, 26.947731018066406, 25.659461975097656, 24.45115852355957, 23.466571807861328, 22.650659561157227, 21.955575942993164, 21.360305786132812, 20.816314697265625, 20.335294723510742, 19.955835342407227, 19.5025634765625, 19.22001075744629, 18.908828735351562, 18.72565269470215, 18.46353530883789, 18.295757293701172, 18.053733825683594, 17.885652542114258, 17.72728157043457, 17.530426025390625, 17.387920379638672, 17.250205993652344, 17.12335968017578, 16.95720863342285, 16.8919677734375, 16.733015060424805, 16.618091583251953, 16.529386520385742, 16.43516731262207, 16.284393310546875, 16.187788009643555, 16.1666202545166, 16.023164749145508, 15.934072494506836, 15.863910675048828, 15.734241485595703], "val_loss": [0.0134727256372571, 0.00885362084954977, 0.00802320521324873, 0.007313129957765341, 0.006867772899568081, 0.006543626543134451, 0.006098651792854071, 0.005557047203183174, 0.005385039374232292, 0.005120450630784035, 0.005175410304218531, 0.004711458925157785, 0.004611368756741285, 0.00463715149089694, 0.004531363025307655, 0.0045485226437449455, 0.0043181125074625015, 0.0044512334279716015, 0.003994978033006191, 0.0041013858281075954, 0.004037290345877409, 0.003914947155863047, 0.0039258371107280254, 0.004168166313320398, 0.004031213000416756, 0.0037317974492907524, 0.003761604428291321, 0.003694384591653943, 0.0036879931576550007, 0.003721939865499735, 0.003838707460090518, 0.0037148925475776196, 0.0036948483902961016, 0.0036402796395123005, 0.0035628722980618477, 0.0036686828825622797, 0.0035129596944898367, 0.003641451010480523, 0.0034135349560528994, 0.0034587883856147528], "val_mean_absolute_percentage_error": [19725.6640625, 15761.958984375, 13826.048828125, 13193.9638671875, 12304.509765625, 11448.759765625, 10560.376953125, 9958.7109375, 9173.2333984375, 8968.396484375, 8659.0771484375, 7808.6923828125, 7703.85107421875, 7747.5576171875, 7346.66650390625, 7398.34765625, 7342.623046875, 7332.8525390625, 7181.84130859375, 7428.06494140625, 7086.1484375, 6788.5498046875, 6900.10302734375, 7024.48828125, 6993.31201171875, 6680.923828125, 6514.197265625, 6437.40673828125, 6483.90869140625, 6623.1240234375, 6870.1181640625, 6596.43212890625, 6371.62255859375, 6277.68310546875, 6459.337890625, 6395.39306640625, 6160.68115234375, 6573.40283203125, 6121.6025390625, 6389.5146484375]}