{"loss": [0.030210714787244797, 0.011019139550626278, 0.008713793009519577, 0.007975817658007145, 0.0076030464842915535, 0.007109889294952154, 0.006662097293883562, 0.006334203295409679, 0.0060506281442940235, 0.005743356887251139, 0.00549685675650835, 0.005324298050254583, 0.005176956299692392, 0.005060629919171333, 0.004907319322228432, 0.004770209547132254, 0.004652893636375666, 0.004559870343655348, 0.004484128672629595, 0.0044380477629601955, 0.00438842223957181, 0.004340804181993008, 0.00429849186912179, 0.004270534962415695, 0.004240081645548344, 0.0042092762887477875, 0.004175455775111914, 0.004158207681030035, 0.004141305107623339, 0.004104664549231529, 0.00408641854301095, 0.0040612914599478245, 0.0040428065694868565, 0.004022400360554457, 0.004005503375083208, 0.00398402102291584, 0.003965488635003567, 0.0039424290880560875, 0.003927513491362333, 0.003913812804967165], "mean_absolute_percentage_error": [55.715702056884766, 35.11373519897461, 30.70008087158203, 29.425477981567383, 28.589462280273438, 27.15752601623535, 25.673410415649414, 24.639081954956055, 23.837350845336914, 23.096446990966797, 22.576658248901367, 22.220155715942383, 21.913131713867188, 21.604427337646484, 21.2020263671875, 20.783660888671875, 20.438322067260742, 20.151180267333984, 19.90740203857422, 19.74814796447754, 19.60374641418457, 19.488380432128906, 19.34675407409668, 19.236064910888672, 19.146575927734375, 19.049781799316406, 18.957012176513672, 18.895488739013672, 18.819168090820312, 18.725326538085938, 18.634185791015625, 18.583044052124023, 18.50810432434082, 18.445743560791016, 18.382619857788086, 18.327241897583008, 18.26801872253418, 18.205232620239258, 18.142261505126953, 18.10213851928711], "val_loss": [0.014227629639208317, 0.009514807723462582, 0.008360452950000763, 0.008347478695213795, 0.007647733204066753, 0.0071875546127557755, 0.007178942207247019, 0.006582160945981741, 0.0063861822709441185, 0.0060488455928862095, 0.005771344527602196, 0.005761642009019852, 0.005567222833633423, 0.0055745127610862255, 0.005278063006699085, 0.005022814031690359, 0.005255361087620258, 0.004924967419356108, 0.00488181971013546, 0.004854810424149036, 0.005023313220590353, 0.0047500054351985455, 0.004851071629673243, 0.004835135769098997, 0.004898681305348873, 0.004850100260227919, 0.004814693238586187, 0.004913357552140951, 0.004798971116542816, 0.004702467005699873, 0.004766012076288462, 0.004770239815115929, 0.004724323749542236, 0.004763207398355007, 0.004659309051930904, 0.004657009616494179, 0.004726323299109936, 0.004655001685023308, 0.004631607793271542, 0.004537721164524555], "val_mean_absolute_percentage_error": [22372.904296875, 16684.79296875, 13130.9931640625, 12608.5595703125, 11859.1376953125, 10503.7412109375, 10140.7392578125, 9581.2578125, 9225.6533203125, 9089.68359375, 8937.1787109375, 9336.1787109375, 8889.12890625, 8538.08984375, 7967.9052734375, 7225.00927734375, 6984.18505859375, 6641.2587890625, 6297.74609375, 6063.98046875, 6745.23779296875, 6164.15234375, 6416.73291015625, 6537.39404296875, 6394.91796875, 6721.2841796875, 6514.85888671875, 6616.38818359375, 6847.27880859375, 6626.146484375, 6988.52978515625, 6818.1162109375, 6923.310546875, 6845.56298828125, 7020.072265625, 6779.17138671875, 6908.306640625, 6907.873046875, 7115.078125, 6802.79638671875]}