{"loss": [0.03128090128302574, 0.010770171880722046, 0.009412824176251888, 0.008638886734843254, 0.007836089469492435, 0.007425389252603054, 0.007157914340496063, 0.006826454773545265, 0.0064623490907251835, 0.006171126384288073, 0.005950877908617258, 0.005764327477663755, 0.005589946638792753, 0.005411844234913588, 0.0052254716865718365, 0.005058125127106905, 0.0048847924917936325, 0.0047408705577254295, 0.004607958719134331, 0.004501698072999716, 0.004386992659419775, 0.004302998539060354, 0.004213120322674513, 0.0041759442538022995, 0.004126509185880423, 0.004084958229213953, 0.004036060068756342, 0.004003213718533516, 0.003954877611249685, 0.003919604234397411, 0.003895375644788146, 0.00387460645288229, 0.003827965585514903, 0.0037789775524288416, 0.003763963468372822, 0.003728053066879511, 0.003693713340908289, 0.0036610353272408247, 0.003637840738520026, 0.0036237312015146017], "mean_absolute_percentage_error": [54.55002212524414, 34.47203826904297, 31.395235061645508, 30.133214950561523, 28.948904037475586, 28.169281005859375, 27.448055267333984, 26.4918155670166, 25.340608596801758, 24.330839157104492, 23.60004234313965, 23.02889060974121, 22.580825805664062, 22.155776977539062, 21.781185150146484, 21.450868606567383, 21.142898559570312, 20.81586456298828, 20.478364944458008, 20.189388275146484, 19.855379104614258, 19.58155059814453, 19.293249130249023, 19.193052291870117, 19.032060623168945, 18.905576705932617, 18.74885368347168, 18.636592864990234, 18.502561569213867, 18.391124725341797, 18.300209045410156, 18.24276351928711, 18.10819435119629, 17.992137908935547, 17.9140682220459, 17.80171012878418, 17.70206642150879, 17.599761962890625, 17.52911376953125, 17.472620010375977], "val_loss": [0.013805140741169453, 0.010326407849788666, 0.009905729442834854, 0.008567020297050476, 0.008116737008094788, 0.008335930295288563, 0.007955675944685936, 0.007600564043968916, 0.007117928471416235, 0.006758999545127153, 0.006868349853903055, 0.00660976255312562, 0.006457130424678326, 0.006247487850487232, 0.005951331928372383, 0.005606566555798054, 0.005570811685174704, 0.005530663300305605, 0.005593238398432732, 0.005167442839592695, 0.004973553586751223, 0.005224505439400673, 0.004933909513056278, 0.005080035421997309, 0.004962360952049494, 0.004991570953279734, 0.004937814082950354, 0.0048774429596960545, 0.004799502901732922, 0.005005129612982273, 0.004744493402540684, 0.004901844076812267, 0.00462019769474864, 0.004652293864637613, 0.004809375386685133, 0.00445826118811965, 0.004679547622799873, 0.004482025280594826, 0.004441782366484404, 0.004414211492985487], "val_mean_absolute_percentage_error": [20371.044921875, 16971.810546875, 15856.9375, 13494.8994140625, 11964.236328125, 11627.8984375, 10785.2265625, 10010.51953125, 8471.4580078125, 8429.11328125, 8307.396484375, 8491.029296875, 8193.212890625, 8438.892578125, 8257.935546875, 8065.59130859375, 7838.08349609375, 7839.67822265625, 7381.767578125, 6695.3720703125, 6268.62109375, 6331.4013671875, 5831.357421875, 5825.49169921875, 5327.240234375, 5529.6689453125, 5563.35302734375, 5508.99169921875, 5215.60888671875, 5414.37890625, 4996.7822265625, 5221.1826171875, 4975.421875, 4973.65185546875, 5548.90478515625, 5182.9814453125, 5602.064453125, 5015.00830078125, 5172.12646484375, 5299.08935546875]}