{"loss": [0.033047471195459366, 0.010879922658205032, 0.00811713095754385, 0.007358399219810963, 0.006832930725067854, 0.006413845345377922, 0.005985355004668236, 0.00562457088381052, 0.0053037554025650024, 0.005046678241342306, 0.004795031622052193, 0.0045765764079988, 0.004391638096421957, 0.004240420181304216, 0.004093900788575411, 0.003967441618442535, 0.0038737808354198933, 0.0038009467534720898, 0.003710676683112979, 0.003629057900980115, 0.003574776230379939, 0.0035038343630731106, 0.0034682760015130043, 0.003405896946787834, 0.0033630074467509985, 0.003322240663692355, 0.0032718218863010406, 0.0032263246830552816, 0.0031831266824156046, 0.0031517406459897757, 0.0031077018938958645, 0.003079181769862771, 0.003048327751457691, 0.0030189049430191517, 0.0030099949799478054, 0.0029762652702629566, 0.0029543021228164434, 0.002909353468567133, 0.0028974339365959167, 0.002888011746108532], "mean_absolute_percentage_error": [54.95002746582031, 35.423187255859375, 29.697309494018555, 28.144269943237305, 26.901391983032227, 25.90847396850586, 24.751483917236328, 23.74057388305664, 22.874977111816406, 22.1473388671875, 21.441408157348633, 20.85844612121582, 20.322885513305664, 19.85052490234375, 19.43587303161621, 19.072162628173828, 18.767227172851562, 18.51749038696289, 18.268827438354492, 18.0609073638916, 17.863449096679688, 17.613401412963867, 17.498584747314453, 17.30080795288086, 17.174604415893555, 17.03156280517578, 16.882123947143555, 16.713727951049805, 16.5999698638916, 16.494808197021484, 16.343490600585938, 16.249309539794922, 16.131961822509766, 16.042142868041992, 15.945558547973633, 15.835295677185059, 15.779471397399902, 15.638432502746582, 15.569644927978516, 15.583736419677734], "val_loss": [0.013902310281991959, 0.008288667537271976, 0.007451741024851799, 0.007058915216475725, 0.006606076844036579, 0.006319686304777861, 0.006141842808574438, 0.005854976829141378, 0.005515550263226032, 0.005221788305789232, 0.004926249850541353, 0.0047445292584598064, 0.004718401934951544, 0.004454977810382843, 0.00436779297888279, 0.004171327222138643, 0.00429693004116416, 0.004188690334558487, 0.004124230705201626, 0.004044073633849621, 0.003818019526079297, 0.0037710987962782383, 0.003828209824860096, 0.0036621124017983675, 0.0036255884915590286, 0.003589339554309845, 0.0036608921363949776, 0.003539035329595208, 0.003593846457079053, 0.0034740592818707228, 0.003432205878198147, 0.0035109841264784336, 0.0033902523573487997, 0.0033052314538508654, 0.0033002886921167374, 0.0033532900270074606, 0.0032063620164990425, 0.0032645678147673607, 0.0032175718806684017, 0.003227480687201023], "val_mean_absolute_percentage_error": [20518.978515625, 14703.3994140625, 13589.673828125, 12522.0166015625, 11337.54296875, 10798.7900390625, 10366.1162109375, 9885.5849609375, 9223.8828125, 8961.76171875, 8294.5478515625, 8083.58056640625, 7814.16064453125, 7491.5498046875, 7772.779296875, 7323.77978515625, 7891.13330078125, 7878.83935546875, 7588.7001953125, 7155.3310546875, 7467.7705078125, 7345.787109375, 7148.11181640625, 6885.77490234375, 6681.34521484375, 6947.57763671875, 6953.900390625, 7225.69189453125, 6959.2236328125, 6601.14404296875, 6477.55810546875, 6838.33837890625, 6541.51318359375, 6153.349609375, 6160.28662109375, 6185.74658203125, 5794.28125, 5744.8974609375, 6064.2255859375, 5858.04150390625]}