{"loss": [0.03059019148349762, 0.01521595474332571, 0.009160015732049942, 0.008135566487908363, 0.007649442180991173, 0.007196682505309582, 0.006738495081663132, 0.006346513517200947, 0.006028390023857355, 0.005738536361604929, 0.005486015230417252, 0.005253659561276436, 0.005056158173829317, 0.004887691233307123, 0.004745532758533955, 0.004651921335607767, 0.004576677922159433, 0.004515012260526419, 0.004450042266398668, 0.004399002995342016, 0.004347639624029398, 0.0043006413616240025, 0.004255027510225773, 0.004225492011755705, 0.004191557411104441, 0.004157192539423704, 0.004132476635277271, 0.004099762532860041, 0.004074235912412405, 0.004052881617099047, 0.00402805907651782, 0.0040100980550050735, 0.00398398470133543, 0.003963555674999952, 0.003948332276195288, 0.003935030195862055, 0.0039174375124275684, 0.0038988974411040545, 0.003887405851855874, 0.003873584559187293], "mean_absolute_percentage_error": [57.61403274536133, 44.49227523803711, 31.286331176757812, 29.643110275268555, 28.696348190307617, 27.46478271484375, 25.980640411376953, 24.720643997192383, 23.767038345336914, 23.04948616027832, 22.493953704833984, 22.004228591918945, 21.549890518188477, 21.104572296142578, 20.690166473388672, 20.418243408203125, 20.185976028442383, 20.0091495513916, 19.810495376586914, 19.643251419067383, 19.503084182739258, 19.33420181274414, 19.20114517211914, 19.108041763305664, 18.989639282226562, 18.878677368164062, 18.777141571044922, 18.68288803100586, 18.593505859375, 18.51725959777832, 18.43343734741211, 18.37158966064453, 18.284414291381836, 18.189273834228516, 18.161779403686523, 18.10785484313965, 18.033344268798828, 17.955825805664062, 17.92863655090332, 17.884796142578125], "val_loss": [0.01853332296013832, 0.009471548721194267, 0.00835711881518364, 0.008154172450304031, 0.007581223268061876, 0.00733177550137043, 0.006765345577150583, 0.006506085861474276, 0.006136881187558174, 0.005801484454423189, 0.005670846439898014, 0.005533700343221426, 0.005198132246732712, 0.005182486493140459, 0.00511011341586709, 0.004921232350170612, 0.004853047430515289, 0.004887146409600973, 0.004857662133872509, 0.004833961371332407, 0.004662249702960253, 0.004821178037673235, 0.0047695571556687355, 0.004526596050709486, 0.004562719259411097, 0.0044595664367079735, 0.004517030902206898, 0.004588000942021608, 0.00453443406149745, 0.004678144585341215, 0.004480029921978712, 0.004317643120884895, 0.004507387988269329, 0.004497269168496132, 0.004529248923063278, 0.00437612971290946, 0.004413837566971779, 0.004480463918298483, 0.004320240113884211, 0.00443381117656827], "val_mean_absolute_percentage_error": [25817.55078125, 17856.734375, 14149.9990234375, 12743.5009765625, 11844.390625, 11071.8720703125, 9564.349609375, 8929.0771484375, 8501.154296875, 8652.734375, 8673.1328125, 8399.40234375, 7820.55224609375, 7208.3466796875, 6641.92724609375, 6207.91845703125, 5895.6328125, 5841.8193359375, 5840.224609375, 5894.70166015625, 5674.6669921875, 6002.3828125, 6134.2099609375, 5927.10986328125, 6232.716796875, 6050.72802734375, 6264.91943359375, 6305.0380859375, 6366.61083984375, 6515.64111328125, 6684.6025390625, 6196.45947265625, 6319.6572265625, 6499.8408203125, 6102.9970703125, 6251.78857421875, 6327.86474609375, 6156.4111328125, 6062.54345703125, 6087.27001953125]}