{"loss": [0.03138960152864456, 0.014118227176368237, 0.00936667900532484, 0.008290371857583523, 0.007752567064017057, 0.007481756620109081, 0.007155361585319042, 0.006773903500288725, 0.0064164334908127785, 0.00609099306166172, 0.0058097876608371735, 0.005566054489463568, 0.005316511727869511, 0.005126591306179762, 0.004966399632394314, 0.004822058137506247, 0.004692503716796637, 0.004581240471452475, 0.004486486781388521, 0.004406773019582033, 0.004341403488069773, 0.004283936694264412, 0.004252955783158541, 0.0041813962161540985, 0.004141812212765217, 0.004097144119441509, 0.004049630369991064, 0.004013903439044952, 0.003967138472944498, 0.003933343105018139, 0.0038894403260201216, 0.0038673102390021086, 0.0038327251095324755, 0.0038099782541394234, 0.00376854557543993, 0.003746951697394252, 0.003725541988387704, 0.0036911650095134974, 0.0036676544696092606, 0.0036575072444975376], "mean_absolute_percentage_error": [56.63164138793945, 41.62827682495117, 31.616825103759766, 29.882076263427734, 28.97104263305664, 28.346343994140625, 27.449316024780273, 26.296722412109375, 25.128765106201172, 24.107301712036133, 23.305686950683594, 22.675060272216797, 22.120410919189453, 21.744951248168945, 21.371444702148438, 21.01584243774414, 20.641319274902344, 20.339868545532227, 20.03585433959961, 19.7919864654541, 19.584850311279297, 19.396011352539062, 19.29679298400879, 19.110347747802734, 18.983728408813477, 18.821773529052734, 18.697736740112305, 18.55833625793457, 18.460493087768555, 18.349872589111328, 18.208126068115234, 18.152040481567383, 18.025344848632812, 17.95722198486328, 17.84776496887207, 17.763492584228516, 17.682697296142578, 17.565181732177734, 17.50127410888672, 17.46348762512207], "val_loss": [0.018267985433340073, 0.010102861560881138, 0.00936100073158741, 0.008854757063090801, 0.00835578516125679, 0.008043300360441208, 0.007681088522076607, 0.007641520816832781, 0.0072601656429469585, 0.006947909016162157, 0.006563297938555479, 0.006491935346275568, 0.00593542167916894, 0.005846451502293348, 0.0058780512772500515, 0.005858571734279394, 0.005622099153697491, 0.00555306626483798, 0.005382057279348373, 0.005255332216620445, 0.005492399446666241, 0.005232296418398619, 0.005265797954052687, 0.005245780572295189, 0.005110651720315218, 0.0051895566284656525, 0.005160755943506956, 0.004942480009049177, 0.005066134035587311, 0.005025891121476889, 0.005160191096365452, 0.00494822533801198, 0.004886231850832701, 0.00489971786737442, 0.004765521734952927, 0.004730738699436188, 0.004780573770403862, 0.004733868408948183, 0.0048090084455907345, 0.004814103711396456], "val_mean_absolute_percentage_error": [23794.326171875, 17267.40234375, 15556.6435546875, 13674.365234375, 12868.189453125, 12224.646484375, 11385.009765625, 10709.515625, 9795.3017578125, 9570.7431640625, 8987.4755859375, 8680.96875, 8600.744140625, 8471.8896484375, 8266.28125, 8446.8994140625, 7619.4091796875, 7192.8740234375, 6637.162109375, 6545.24951171875, 6758.19091796875, 6297.70751953125, 6129.45703125, 5954.6923828125, 6150.18798828125, 6053.3466796875, 6145.685546875, 5948.15478515625, 5986.9013671875, 6225.2724609375, 6349.24365234375, 5853.279296875, 6126.20703125, 6139.02734375, 5857.54443359375, 5770.3876953125, 5732.5859375, 6181.833984375, 6031.2294921875, 5997.26123046875]}