{"loss": [0.02337791956961155, 0.0078749293461442, 0.006443732883781195, 0.005489295814186335, 0.004811291117221117, 0.004285082221031189, 0.0038761410396546125, 0.0036123786121606827, 0.003444007830694318, 0.0032098107039928436, 0.003051414154469967, 0.0029317971784621477, 0.002784506883472204, 0.002648749854415655, 0.0024785727728158236, 0.0024035077076405287, 0.002310700248926878, 0.002236374421045184, 0.0021490042563527822, 0.0021058751735836267, 0.002021840075030923, 0.001964279217645526, 0.001936166314408183, 0.0018829028122127056, 0.0018379202811047435, 0.0018142318585887551, 0.0017860872903838754, 0.001746338908560574, 0.0016947671538218856, 0.0016596646746620536, 0.001663730014115572, 0.0016172300092875957, 0.0016142267268151045, 0.0015820448752492666, 0.0015666073886677623, 0.001549856155179441, 0.001520188176073134, 0.001517005148343742, 0.00148763507604599, 0.0014835643814876676], "mean_absolute_percentage_error": [44.766204833984375, 28.987180709838867, 25.809436798095703, 23.624513626098633, 21.798919677734375, 20.2095947265625, 19.029972076416016, 18.17037582397461, 17.59952163696289, 16.95294761657715, 16.42401123046875, 16.056577682495117, 15.52491283416748, 15.21660041809082, 14.690727233886719, 14.387502670288086, 14.131659507751465, 13.797139167785645, 13.536060333251953, 13.333779335021973, 13.100689888000488, 12.842039108276367, 12.711308479309082, 12.56195068359375, 12.404443740844727, 12.236824989318848, 12.141090393066406, 12.022738456726074, 11.810077667236328, 11.669286727905273, 11.66106128692627, 11.488755226135254, 11.466253280639648, 11.389961242675781, 11.34734058380127, 11.225654602050781, 11.11088752746582, 11.070550918579102, 10.984827995300293, 10.993725776672363], "val_loss": [0.006432036869227886, 0.005473751574754715, 0.00447740638628602, 0.004370909184217453, 0.0037316693924367428, 0.003504975698888302, 0.0030700142960995436, 0.0027946922928094864, 0.0028006231877952814, 0.0025431166868656874, 0.0025700184050947428, 0.002519455039873719, 0.0024115934502333403, 0.0020727210212498903, 0.0020709396339952946, 0.0021144156344234943, 0.001968910451978445, 0.0018514571711421013, 0.001766734872944653, 0.001670198980718851, 0.0016889317193999887, 0.0016810781089589, 0.0016963533125817776, 0.0016645941650494933, 0.0015600488986819983, 0.0014518621610477567, 0.0014708981616422534, 0.0014749079709872603, 0.0014707488007843494, 0.0014190408401191235, 0.0014356080209836364, 0.0014246063074097037, 0.0014346650568768382, 0.0014875660417601466, 0.0015086031053215265, 0.0014174302341416478, 0.001599219860509038, 0.0013769450597465038, 0.0013693871442228556, 0.001348588615655899], "val_mean_absolute_percentage_error": [12400.8876953125, 11959.771484375, 11096.5068359375, 10174.0595703125, 9775.0634765625, 8039.6630859375, 7759.47998046875, 7160.8154296875, 7395.30908203125, 8275.4150390625, 8450.96484375, 8490.21875, 7964.50146484375, 7531.81396484375, 7316.06689453125, 7791.3408203125, 6882.78759765625, 7185.99462890625, 7367.876953125, 7412.3291015625, 6689.56982421875, 6438.1826171875, 6558.7265625, 6673.8486328125, 6214.83203125, 6302.23095703125, 6802.05908203125, 6298.43408203125, 6276.0087890625, 6086.89306640625, 5778.2568359375, 6489.1953125, 5848.7861328125, 6206.29248046875, 5438.341796875, 5843.224609375, 5356.85546875, 5998.59814453125, 5666.96630859375, 5935.88134765625]}