{"loss": [0.03220314532518387, 0.011152603663504124, 0.009109108708798885, 0.008177254348993301, 0.00757672730833292, 0.007215002551674843, 0.006915949750691652, 0.006546554621309042, 0.006202897988259792, 0.00593193992972374, 0.005671527236700058, 0.0054574511013925076, 0.0052393958903849125, 0.005066725425422192, 0.004905056208372116, 0.004778390750288963, 0.004672887269407511, 0.004542382899671793, 0.004458332899957895, 0.004378410521894693, 0.004294259939342737, 0.004235801286995411, 0.004197101108729839, 0.0041418359614908695, 0.004106723703444004, 0.004072145093232393, 0.004020479507744312, 0.003985766787081957, 0.003964569419622421, 0.0039094253443181515, 0.0038815028965473175, 0.0038643411826342344, 0.0038272214587777853, 0.003789384150877595, 0.0037691963370889425, 0.0037452790420502424, 0.00371527299284935, 0.0037047388032078743, 0.0036779972724616528, 0.0036624751519411802], "mean_absolute_percentage_error": [55.43402099609375, 35.38468551635742, 30.974794387817383, 29.464550018310547, 28.43868064880371, 27.583284378051758, 26.7104549407959, 25.599205017089844, 24.468372344970703, 23.63724136352539, 22.924808502197266, 22.41277503967285, 21.930908203125, 21.577157974243164, 21.23720932006836, 20.937585830688477, 20.61857795715332, 20.25563621520996, 19.958066940307617, 19.73005485534668, 19.4958438873291, 19.332374572753906, 19.183040618896484, 19.010631561279297, 18.923988342285156, 18.830705642700195, 18.685596466064453, 18.549087524414062, 18.49240493774414, 18.32830238342285, 18.255435943603516, 18.195846557617188, 18.065458297729492, 17.981082916259766, 17.902650833129883, 17.845745086669922, 17.75322723388672, 17.733036041259766, 17.64447021484375, 17.58927345275879], "val_loss": [0.015114848501980305, 0.010128428228199482, 0.00914085004478693, 0.008550820872187614, 0.007970702834427357, 0.00798384565860033, 0.007428550161421299, 0.00724963890388608, 0.007029365748167038, 0.0069483197294175625, 0.006352523807436228, 0.006289173848927021, 0.005847478285431862, 0.005889576394110918, 0.00547966081649065, 0.005672194063663483, 0.0052436720579862595, 0.0053920927457511425, 0.005328441504389048, 0.005312549881637096, 0.005088623147457838, 0.005241484381258488, 0.004883124027401209, 0.005047380458563566, 0.005035521928220987, 0.005096920300275087, 0.004928587935864925, 0.004911009222269058, 0.004910635761916637, 0.004725317470729351, 0.004905234556645155, 0.004714820068329573, 0.0047501758672297, 0.004683021921664476, 0.00469560781493783, 0.004559697583317757, 0.004693756811320782, 0.0046835304237902164, 0.004444480407983065, 0.00440368102863431], "val_mean_absolute_percentage_error": [22184.966796875, 16667.91796875, 14582.10546875, 12997.7578125, 12162.7333984375, 11309.4306640625, 10084.669921875, 9334.146484375, 8602.0439453125, 8583.9560546875, 8273.953125, 8565.896484375, 8477.98046875, 8384.921875, 8345.625, 8468.7138671875, 7326.1318359375, 7524.541015625, 7335.685546875, 6974.15185546875, 6697.1962890625, 6604.66259765625, 6335.6474609375, 6172.302734375, 6330.43798828125, 6552.81884765625, 6418.99853515625, 6186.10400390625, 6308.7939453125, 6021.3876953125, 6294.50390625, 6270.6572265625, 6205.26416015625, 6155.86474609375, 6396.73828125, 6137.533203125, 6220.46337890625, 6361.1259765625, 6044.88525390625, 6053.58056640625]}