{"loss": [0.026022065430879593, 0.007783851120620966, 0.006111470051109791, 0.005180623382329941, 0.004614647477865219, 0.004187052138149738, 0.0038702974561601877, 0.0035715955309569836, 0.003394009545445442, 0.0031919304747134447, 0.00302769523113966, 0.0028726132586598396, 0.00269397278316319, 0.0025901400949805975, 0.0024844766594469547, 0.0023792842403054237, 0.002286173403263092, 0.0022310169879347086, 0.0021655417513102293, 0.002106748754158616, 0.002061421750113368, 0.001993082230910659, 0.0019380374578759074, 0.0019196653738617897, 0.0018911350052803755, 0.001859474927186966, 0.001852693734690547, 0.0017740123439580202, 0.0017804037779569626, 0.0017529083415865898, 0.001733388751745224, 0.0017232208047062159, 0.0016906001837924123, 0.0016717298422008753, 0.0016463306965306401, 0.0016330982325598598, 0.0016242596320807934, 0.001588825136423111, 0.0015867473557591438, 0.0015620648628100753], "mean_absolute_percentage_error": [46.290977478027344, 29.193883895874023, 25.674203872680664, 23.18510627746582, 21.492294311523438, 20.17167091369629, 19.21882438659668, 18.33987045288086, 17.769472122192383, 17.128103256225586, 16.633161544799805, 16.1206111907959, 15.649070739746094, 15.283248901367188, 14.901374816894531, 14.521860122680664, 14.248674392700195, 14.010055541992188, 13.741778373718262, 13.530649185180664, 13.352998733520508, 13.110548973083496, 12.917702674865723, 12.797605514526367, 12.63619613647461, 12.504010200500488, 12.450133323669434, 12.252537727355957, 12.200515747070312, 12.06404972076416, 11.947021484375, 11.942574501037598, 11.773024559020996, 11.713743209838867, 11.586282730102539, 11.581808090209961, 11.480271339416504, 11.341323852539062, 11.351778030395508, 11.307601928710938], "val_loss": [0.007044255267828703, 0.0051881661638617516, 0.004664394538849592, 0.004023380111902952, 0.003912192769348621, 0.0034019029699265957, 0.003362756222486496, 0.003002054523676634, 0.0027582822367548943, 0.0027067167684435844, 0.0026082477997988462, 0.0022159835789352655, 0.002149007050320506, 0.0019966589752584696, 0.0019647753797471523, 0.0018168926471844316, 0.0018310772720724344, 0.0017264296766370535, 0.0017078239470720291, 0.0017478343797847629, 0.0016865653451532125, 0.001700884778983891, 0.0016708406619727612, 0.0015604719519615173, 0.0016025751829147339, 0.0015732083702459931, 0.0015336076030507684, 0.0014551784843206406, 0.0015096516581252217, 0.0014678769512102008, 0.0014951708726584911, 0.0014457202050834894, 0.0014440268278121948, 0.0015238363994285464, 0.0015225762035697699, 0.0014535648515447974, 0.001497670658864081, 0.001520687947049737, 0.0014785147504881024, 0.0014948667958378792], "val_mean_absolute_percentage_error": [12764.9794921875, 13402.205078125, 11919.12890625, 10574.90234375, 9967.529296875, 9331.927734375, 9588.5966796875, 8905.4169921875, 8091.171875, 8154.07080078125, 7725.8349609375, 7987.1591796875, 7577.18701171875, 7425.79541015625, 7481.8544921875, 7625.7861328125, 7150.73583984375, 6736.2509765625, 6811.66748046875, 6647.263671875, 6195.8349609375, 5989.64453125, 6027.83642578125, 6065.26171875, 5943.41015625, 6066.802734375, 5587.419921875, 6116.18359375, 6005.95166015625, 5917.35595703125, 5592.87548828125, 6218.4189453125, 5631.73583984375, 5380.52197265625, 5945.17138671875, 6036.20166015625, 5478.1826171875, 5678.81982421875, 5902.93603515625, 5711.603515625]}