{"loss": [0.030094385147094727, 0.008888785727322102, 0.0069644637405872345, 0.006137041840702295, 0.005441845860332251, 0.004868417512625456, 0.004526038654148579, 0.004212586209177971, 0.0039670513942837715, 0.0038192702922970057, 0.0036361960228532553, 0.0034592105075716972, 0.0033713674638420343, 0.0032689475920051336, 0.0031481010373681784, 0.0030595725402235985, 0.0029780720360577106, 0.0028764731250703335, 0.002826112788170576, 0.0027384869754314423, 0.0026938091032207012, 0.002614460652694106, 0.002547097159549594, 0.002500822301954031, 0.002465104451403022, 0.0024164754431694746, 0.002372703980654478, 0.0023652745876461267, 0.002311770338565111, 0.002288393210619688, 0.002256457693874836, 0.0022301948629319668, 0.002203324344009161, 0.0021807863377034664, 0.002173446584492922, 0.002138294745236635, 0.0021385173313319683, 0.002109340624883771, 0.0020939288660883904, 0.002065203385427594], "mean_absolute_percentage_error": [51.531524658203125, 31.297189712524414, 27.028240203857422, 25.16196060180664, 23.623138427734375, 22.111099243164062, 21.04794692993164, 20.09579849243164, 19.381607055664062, 18.845409393310547, 18.29960060119629, 17.873891830444336, 17.50385284423828, 17.18092155456543, 16.8448429107666, 16.600799560546875, 16.318851470947266, 16.02288818359375, 15.848053932189941, 15.527716636657715, 15.366281509399414, 15.171403884887695, 14.930855751037598, 14.755043029785156, 14.624232292175293, 14.455931663513184, 14.269499778747559, 14.213393211364746, 14.03640365600586, 13.96932315826416, 13.839341163635254, 13.685999870300293, 13.59578800201416, 13.560469627380371, 13.483114242553711, 13.367427825927734, 13.324423789978027, 13.273123741149902, 13.182413101196289, 13.08746337890625], "val_loss": [0.010366648435592651, 0.006725186016410589, 0.006342808250337839, 0.005328457802534103, 0.004593832418322563, 0.004300667438656092, 0.004072283394634724, 0.003820921992883086, 0.0035888354759663343, 0.0034238016232848167, 0.003244382794946432, 0.0031593586318194866, 0.003133521880954504, 0.0029912509489804506, 0.0027554978150874376, 0.0026387455873191357, 0.0027531287632882595, 0.0025243263226002455, 0.002388511085882783, 0.0023219059221446514, 0.0023080939427018166, 0.002285985741764307, 0.0022269762121140957, 0.0022107167169451714, 0.0021500703878700733, 0.0021080593578517437, 0.0021147828083485365, 0.002085105050355196, 0.0020914042834192514, 0.002091864822432399, 0.0020996597595512867, 0.0020580559503287077, 0.0020374373998492956, 0.0019592426251620054, 0.002070884918794036, 0.0020018955692648888, 0.0020090267062187195, 0.0020245914347469807, 0.0020093629136681557, 0.002022671280428767], "val_mean_absolute_percentage_error": [14307.9873046875, 13235.228515625, 13047.380859375, 12616.888671875, 12228.2763671875, 11087.732421875, 10267.19140625, 10029.3369140625, 9320.9228515625, 8416.00390625, 8861.5068359375, 8915.537109375, 8588.0576171875, 8728.0205078125, 8106.7431640625, 8321.3349609375, 8273.8603515625, 8290.912109375, 7557.26806640625, 7506.9013671875, 7775.97216796875, 7496.58349609375, 7300.71923828125, 7491.96728515625, 6958.43505859375, 6848.9384765625, 6607.4755859375, 6534.66748046875, 6294.56396484375, 6478.08251953125, 6368.67529296875, 5836.66845703125, 6419.02587890625, 6397.36767578125, 6179.9990234375, 5694.16552734375, 5956.5390625, 6149.033203125, 5861.4375, 5795.611328125]}