{"loss": [0.033634528517723083, 0.012616200372576714, 0.009015657007694244, 0.008066950365900993, 0.007513797841966152, 0.00720576336607337, 0.006904901936650276, 0.006561516784131527, 0.006222282070666552, 0.005901230964809656, 0.005626269616186619, 0.005368852522224188, 0.005156723782420158, 0.004949611611664295, 0.004787379410117865, 0.004645778331905603, 0.00453084334731102, 0.004406940657645464, 0.004313100595027208, 0.004244182724505663, 0.004183341283351183, 0.004130983725190163, 0.004085572902113199, 0.0040540071204304695, 0.004009302239865065, 0.0039566271007061005, 0.003953324165195227, 0.0038775894790887833, 0.003842635778710246, 0.003836976131424308, 0.003782640676945448, 0.003754845354706049, 0.003723127068951726, 0.0036885086447000504, 0.00365868816152215, 0.003634671913459897, 0.0036103916354477406, 0.0035717536229640245, 0.00355532206594944, 0.0035273395478725433], "mean_absolute_percentage_error": [56.872737884521484, 38.72506332397461, 31.039140701293945, 29.381181716918945, 28.383079528808594, 27.647916793823242, 26.800336837768555, 25.76558494567871, 24.724584579467773, 23.795536041259766, 23.01436996459961, 22.374557495117188, 21.869359970092773, 21.353229522705078, 20.96118927001953, 20.60426902770996, 20.26031494140625, 19.9128360748291, 19.647464752197266, 19.398405075073242, 19.231599807739258, 19.089008331298828, 18.937713623046875, 18.82366943359375, 18.706207275390625, 18.53230857849121, 18.511030197143555, 18.29913902282715, 18.236019134521484, 18.176239013671875, 18.04001808166504, 17.922786712646484, 17.858919143676758, 17.763580322265625, 17.667041778564453, 17.581615447998047, 17.508384704589844, 17.39410972595215, 17.35679054260254, 17.240131378173828], "val_loss": [0.017505589872598648, 0.010067551396787167, 0.009074521251022816, 0.008547048084437847, 0.007981900125741959, 0.007972151972353458, 0.0075728753581643105, 0.007139916997402906, 0.006802244111895561, 0.006533513311296701, 0.006306549068540335, 0.006058289669454098, 0.005577587056905031, 0.005768031347543001, 0.005560532212257385, 0.005255131516605616, 0.0052118259482085705, 0.005084812641143799, 0.005093351472169161, 0.005165439564734697, 0.005105277523398399, 0.0048355357721447945, 0.0047749062068760395, 0.004879751708358526, 0.00484053697437048, 0.004929442424327135, 0.004789924714714289, 0.004703568760305643, 0.004711641930043697, 0.0046934084966778755, 0.004474434070289135, 0.004675261676311493, 0.004656082950532436, 0.004461037926375866, 0.004430449102073908, 0.0045061009004712105, 0.0044165728613734245, 0.004663827829062939, 0.004534767474979162, 0.004242239985615015], "val_mean_absolute_percentage_error": [23324.072265625, 17193.94921875, 14585.6767578125, 13144.0263671875, 12405.984375, 11169.826171875, 10768.9091796875, 10158.4384765625, 9189.505859375, 8398.275390625, 8199.59765625, 7987.26904296875, 7620.3642578125, 7861.50927734375, 7760.86767578125, 7007.25048828125, 6551.21630859375, 6462.12353515625, 6094.22998046875, 6504.3154296875, 6304.92138671875, 6082.07080078125, 5612.76220703125, 5855.10595703125, 5686.4462890625, 6030.2734375, 5850.25439453125, 5713.2783203125, 5836.56787109375, 5718.8603515625, 5627.31494140625, 6206.24951171875, 5838.22607421875, 5701.78173828125, 5834.9052734375, 5843.33447265625, 5900.08349609375, 6178.568359375, 5402.3701171875, 5638.50927734375]}