{"loss": [0.025462623685598373, 0.007967004552483559, 0.006462340243160725, 0.005585969425737858, 0.004911522846668959, 0.004366754088550806, 0.00395961944013834, 0.0036809309385716915, 0.003430231474339962, 0.0032352281268686056, 0.0030624952632933855, 0.0029326849617064, 0.002784660318866372, 0.0026568607427179813, 0.0025387995410710573, 0.00244266539812088, 0.002350778551772237, 0.00226202211342752, 0.0022018803283572197, 0.0021293368190526962, 0.0020752425771206617, 0.0020180961582809687, 0.001990589313209057, 0.0019205785356462002, 0.0018842126009985805, 0.0018448577029630542, 0.0018475515535101295, 0.0018131551332771778, 0.0017720179166644812, 0.001727225724607706, 0.001711259363219142, 0.001709653646685183, 0.0016889132093638182, 0.001656114007346332, 0.0016626400174573064, 0.001611791318282485, 0.0015900012804195285, 0.0015859148697927594, 0.0015552048571407795, 0.001546315266750753], "mean_absolute_percentage_error": [46.45817565917969, 29.49589729309082, 26.1839656829834, 24.044652938842773, 22.29035186767578, 20.76297950744629, 19.602588653564453, 18.756946563720703, 17.871517181396484, 17.250871658325195, 16.700927734375, 16.26675033569336, 15.739608764648438, 15.430991172790527, 14.999720573425293, 14.698220252990723, 14.379127502441406, 14.040756225585938, 13.7974271774292, 13.608484268188477, 13.32992172241211, 13.138836860656738, 12.994278907775879, 12.81308364868164, 12.644964218139648, 12.520936012268066, 12.476786613464355, 12.33776569366455, 12.201108932495117, 12.039617538452148, 11.96676254272461, 11.931326866149902, 11.793560981750488, 11.748678207397461, 11.647485733032227, 11.54261302947998, 11.455191612243652, 11.405219078063965, 11.294437408447266, 11.271061897277832], "val_loss": [0.006999796722084284, 0.005391787271946669, 0.004659836180508137, 0.003901600604876876, 0.0037238295190036297, 0.003447313094511628, 0.002905840752646327, 0.002849181415513158, 0.0029819097835570574, 0.002660362748429179, 0.002457349793985486, 0.002792512532323599, 0.0023502162657678127, 0.0022750876378268003, 0.002076126169413328, 0.0020336105953902006, 0.0019321695435792208, 0.0018557722214609385, 0.0018910523504018784, 0.0017300599720329046, 0.001685556024312973, 0.0016221621772274375, 0.0016379754524677992, 0.001619792776182294, 0.0015460955910384655, 0.0017380680656060576, 0.001553457579575479, 0.001461582607589662, 0.0015848490875214338, 0.0014370667049661279, 0.0015798992244526744, 0.001514110597781837, 0.0014852446038275957, 0.0014799885684624314, 0.0015835289377719164, 0.001413301913999021, 0.001463116379454732, 0.0014399028150364757, 0.0014456772478297353, 0.0014047675067558885], "val_mean_absolute_percentage_error": [14581.5654296875, 13264.591796875, 12875.8154296875, 11645.8935546875, 11743.6650390625, 10958.3369140625, 10158.6923828125, 10201.2998046875, 9570.5654296875, 8900.6923828125, 9342.7548828125, 9382.41796875, 8302.7822265625, 8650.3564453125, 8137.630859375, 8268.19921875, 8125.240234375, 8053.4033203125, 7805.74462890625, 7620.5556640625, 7505.2861328125, 7448.521484375, 7157.3681640625, 6923.3388671875, 6914.8671875, 5993.84228515625, 6591.1396484375, 6428.1474609375, 6241.45556640625, 6578.69189453125, 5871.306640625, 6568.7177734375, 6378.0146484375, 5968.1455078125, 6146.19775390625, 6159.5791015625, 6402.96435546875, 6312.7119140625, 6372.27490234375, 6362.33447265625]}