{"loss": [0.027333108708262444, 0.008298378437757492, 0.006680187303572893, 0.005825819913297892, 0.0051182908937335014, 0.004631959833204746, 0.004320074338465929, 0.003993308171629906, 0.0037981485947966576, 0.0036249621771275997, 0.0034692338667809963, 0.0033345608972012997, 0.003211843315511942, 0.003117101499810815, 0.0030002680141478777, 0.002902345499023795, 0.002789987251162529, 0.0027309006545692682, 0.0026271124370396137, 0.0025745206512510777, 0.0025116491597145796, 0.002462788950651884, 0.0024142558686435223, 0.0023850270081311464, 0.0023436567280441523, 0.002309211762621999, 0.0023061444517225027, 0.0022313701920211315, 0.002223838120698929, 0.0021773497574031353, 0.0021484524477273226, 0.002141929930076003, 0.0021338590886443853, 0.002094394527375698, 0.0020693012047559023, 0.0020625332836061716, 0.0020371268037706614, 0.0020380292553454638, 0.0020137964747846127, 0.001979461405426264], "mean_absolute_percentage_error": [49.18722152709961, 29.858976364135742, 26.45383071899414, 24.386999130249023, 22.707834243774414, 21.331058502197266, 20.420377731323242, 19.54689598083496, 18.93155860900879, 18.3464412689209, 17.845388412475586, 17.465126037597656, 17.085481643676758, 16.770606994628906, 16.419387817382812, 16.122299194335938, 15.772839546203613, 15.515030860900879, 15.225970268249512, 15.034384727478027, 14.786421775817871, 14.623235702514648, 14.419878005981445, 14.284514427185059, 14.161774635314941, 13.963401794433594, 13.916924476623535, 13.703485488891602, 13.668940544128418, 13.522974014282227, 13.40584659576416, 13.351142883300781, 13.274794578552246, 13.152750015258789, 13.02440357208252, 13.007893562316895, 12.923993110656738, 12.860541343688965, 12.778481483459473, 12.679810523986816], "val_loss": [0.008981846272945404, 0.006684485357254744, 0.0052973986603319645, 0.005085987038910389, 0.004276613239198923, 0.0037534625735133886, 0.004029636736959219, 0.0033957180567085743, 0.0032838538754731417, 0.0032222226727753878, 0.0030686587560921907, 0.0029534357599914074, 0.002964276121929288, 0.0028916678857058287, 0.002703622682020068, 0.0025417800061404705, 0.0024976925924420357, 0.0023535420186817646, 0.0023011507000774145, 0.002225335920229554, 0.0022016805596649647, 0.0020868282299488783, 0.0021507374476641417, 0.0021060609724372625, 0.0020633370149880648, 0.00201616995036602, 0.0020495494827628136, 0.0019816323183476925, 0.0019878773018717766, 0.002003865083679557, 0.001969645032659173, 0.001924868207424879, 0.0019514001905918121, 0.001922192401252687, 0.0019288546172901988, 0.0019465296063572168, 0.0018727072747424245, 0.001887811697088182, 0.0019356007687747478, 0.0018782999832183123], "val_mean_absolute_percentage_error": [14723.291015625, 12589.6962890625, 11189.666015625, 11598.5126953125, 10914.7431640625, 10570.9326171875, 10412.880859375, 9560.23828125, 9039.43359375, 8620.4013671875, 8456.9013671875, 8798.0986328125, 8378.6064453125, 8274.22265625, 8043.65478515625, 8291.9697265625, 7778.32373046875, 7817.0625, 7479.99365234375, 7036.26708984375, 6890.30029296875, 6971.3115234375, 6104.88671875, 6808.57275390625, 6343.0263671875, 6566.09375, 6509.79638671875, 6349.84521484375, 5903.494140625, 6045.46484375, 6559.4833984375, 6268.3115234375, 5762.869140625, 6018.67333984375, 5843.22998046875, 5720.84033203125, 5467.6953125, 6202.78271484375, 5602.3017578125, 5813.55126953125]}