{"loss": [0.033019840717315674, 0.012449939735233784, 0.008725140243768692, 0.007920082658529282, 0.007471082266420126, 0.007160853128880262, 0.006825287360697985, 0.006455248221755028, 0.006096772383898497, 0.005776732694357634, 0.0055526127107441425, 0.00534953735768795, 0.005180823616683483, 0.005013346206396818, 0.004887180402874947, 0.004776241723448038, 0.004649479873478413, 0.004539384040981531, 0.0044376906007528305, 0.00436779297888279, 0.00428696908056736, 0.004198725335299969, 0.004133810289204121, 0.004066997207701206, 0.004020145162940025, 0.003980997484177351, 0.0039349994622170925, 0.0038932976312935352, 0.0038510854355990887, 0.0038146015722304583, 0.003784801345318556, 0.0037419572472572327, 0.0037084880750626326, 0.003672939958050847, 0.003653815248981118, 0.0036046532914042473, 0.003583031240850687, 0.003567789914086461, 0.0035340324975550175, 0.0035130621399730444], "mean_absolute_percentage_error": [56.70919418334961, 38.320274353027344, 30.711977005004883, 29.26449203491211, 28.399991989135742, 27.65154457092285, 26.701292037963867, 25.573877334594727, 24.453838348388672, 23.501054763793945, 22.87010955810547, 22.300247192382812, 21.933799743652344, 21.50235366821289, 21.2037296295166, 20.987512588500977, 20.660417556762695, 20.34406089782715, 20.039106369018555, 19.832712173461914, 19.57619285583496, 19.297977447509766, 19.153057098388672, 18.933807373046875, 18.78522491455078, 18.651777267456055, 18.52251625061035, 18.395366668701172, 18.261150360107422, 18.14707374572754, 18.08353042602539, 17.950246810913086, 17.854520797729492, 17.72407341003418, 17.67565155029297, 17.509164810180664, 17.468549728393555, 17.398618698120117, 17.299047470092773, 17.23043441772461], "val_loss": [0.017561130225658417, 0.009732594713568687, 0.008935714140534401, 0.008196623995900154, 0.00799091812223196, 0.007579014170914888, 0.007571546360850334, 0.007156031671911478, 0.006701313424855471, 0.0065187737345695496, 0.0062966435216367245, 0.006207788363099098, 0.005762954708188772, 0.005613888148218393, 0.005347054917365313, 0.005458268336951733, 0.005484978202730417, 0.005246166605502367, 0.0052505056373775005, 0.005248059052973986, 0.0049864184111356735, 0.0048646037466824055, 0.005021270364522934, 0.004789826925843954, 0.004684597719460726, 0.004933267366141081, 0.004699107259511948, 0.004835412837564945, 0.0046492163091897964, 0.004611352924257517, 0.0045392815954983234, 0.004503424745053053, 0.004371652379631996, 0.004580107983201742, 0.00442090630531311, 0.004335359670221806, 0.004393475595861673, 0.004308235365897417, 0.004224844742566347, 0.004359446000307798], "val_mean_absolute_percentage_error": [23245.177734375, 16588.9453125, 14180.453125, 12234.251953125, 12149.5234375, 11555.056640625, 11540.0654296875, 10585.6201171875, 9823.486328125, 9501.2255859375, 9879.4697265625, 9710.828125, 9033.8798828125, 9003.9130859375, 8647.435546875, 8324.68359375, 8289.7060546875, 7786.8212890625, 7726.62939453125, 7374.19140625, 6750.48291015625, 6390.83056640625, 6520.51171875, 6163.25732421875, 6318.86376953125, 6163.470703125, 5799.07666015625, 6216.7978515625, 5572.66796875, 5455.78564453125, 5417.8427734375, 5548.4326171875, 5286.30517578125, 5648.65087890625, 5336.10009765625, 5455.02734375, 5428.96728515625, 5163.07958984375, 5330.720703125, 5513.76171875]}