{"loss": [0.029061604291200638, 0.00826250296086073, 0.006410358007997274, 0.005467681214213371, 0.004804666619747877, 0.0043478962033987045, 0.004045124165713787, 0.0038158404640853405, 0.0036421287804841995, 0.0035188321489840746, 0.003352339845150709, 0.0032791499979794025, 0.003157573752105236, 0.003110164077952504, 0.003012614557519555, 0.002933723386377096, 0.0028366497717797756, 0.002736590802669525, 0.002654040465131402, 0.0025750864297151566, 0.0024926664773374796, 0.0024213376455008984, 0.0023437291383743286, 0.0022671057377010584, 0.0022177386563271284, 0.0021717706695199013, 0.0021253027953207493, 0.0020554910879582167, 0.002030476927757263, 0.001997417537495494, 0.0019911222625523806, 0.0019419839372858405, 0.0019461925840005279, 0.0019016133155673742, 0.001897292211651802, 0.001847326522693038, 0.0018238197080790997, 0.001823905506171286, 0.0017961924895644188, 0.0017916476354002953], "mean_absolute_percentage_error": [50.503684997558594, 30.15359878540039, 26.02605628967285, 23.732254028320312, 21.830211639404297, 20.63555145263672, 19.6340389251709, 18.914505004882812, 18.345748901367188, 17.91056251525879, 17.432762145996094, 17.193212509155273, 16.825326919555664, 16.56216812133789, 16.252342224121094, 16.11508560180664, 15.730639457702637, 15.499746322631836, 15.199666976928711, 14.945281028747559, 14.693504333496094, 14.420171737670898, 14.179644584655762, 13.885710716247559, 13.682413101196289, 13.489598274230957, 13.35395622253418, 13.168403625488281, 13.040493965148926, 12.90162181854248, 12.804193496704102, 12.698570251464844, 12.665179252624512, 12.468504905700684, 12.396933555603027, 12.251476287841797, 12.154052734375, 12.13326358795166, 12.005257606506348, 12.000807762145996], "val_loss": [0.00923867616802454, 0.006238804664462805, 0.004969225265085697, 0.004456274677067995, 0.004098044708371162, 0.0036937366239726543, 0.0033578791189938784, 0.003280434524640441, 0.003138717031106353, 0.0031963037326931953, 0.003079078160226345, 0.0028593072202056646, 0.0028520096093416214, 0.002736623166128993, 0.0026554239448159933, 0.002760001691058278, 0.0026211056392639875, 0.0024590720422565937, 0.002505446784198284, 0.002353309653699398, 0.0021567961666733027, 0.0020287272054702044, 0.00196058233268559, 0.001850317814387381, 0.001850581495091319, 0.0018418144900351763, 0.0017722757766023278, 0.0017396784387528896, 0.0017787802498787642, 0.001704188296571374, 0.001698420732282102, 0.0017161185387521982, 0.0016853874549269676, 0.0017188674537464976, 0.0017771311104297638, 0.0016328096389770508, 0.0016836178256198764, 0.0015970945823937654, 0.0016484573716297746, 0.0015926338965073228], "val_mean_absolute_percentage_error": [15184.3984375, 12350.68359375, 12088.5947265625, 10580.3818359375, 10498.7529296875, 10129.6796875, 9161.3017578125, 9245.5986328125, 8935.03125, 8867.68359375, 8441.2001953125, 7651.8515625, 8835.9248046875, 8570.4404296875, 8179.005859375, 8226.3916015625, 7959.0029296875, 8171.8232421875, 8292.1376953125, 8243.7529296875, 7936.60107421875, 7746.751953125, 7710.09423828125, 7467.2197265625, 7650.54052734375, 7262.9287109375, 7005.17626953125, 6753.6416015625, 6781.259765625, 6503.47216796875, 6327.541015625, 6764.0751953125, 6474.22119140625, 5936.81982421875, 6109.8125, 6146.31787109375, 6655.79345703125, 6266.64501953125, 6086.8623046875, 6333.890625]}