{"loss": [0.030539074912667274, 0.009168078191578388, 0.0068733603693544865, 0.006032307166606188, 0.005306701175868511, 0.004737405572086573, 0.004378108773380518, 0.004117976408451796, 0.003905973397195339, 0.003738564671948552, 0.0036350206937640905, 0.0035150726325809956, 0.0033790089655667543, 0.0032855812460184097, 0.0032191555947065353, 0.003145274706184864, 0.003046309342607856, 0.0029645245522260666, 0.0029105432331562042, 0.002855748636648059, 0.002760895062237978, 0.0026951469480991364, 0.0026240639854222536, 0.0025643783155828714, 0.0025297075044363737, 0.002484984928742051, 0.002422380493953824, 0.0023811347782611847, 0.0023377472534775734, 0.0023081141989678144, 0.0022760448046028614, 0.0022523473016917706, 0.002235717372968793, 0.0022107665427029133, 0.002188311889767647, 0.0021544224582612514, 0.002126815728843212, 0.0021135739516466856, 0.002091451548039913, 0.0020786586683243513], "mean_absolute_percentage_error": [51.06088638305664, 31.742998123168945, 26.962736129760742, 25.107952117919922, 23.358755111694336, 21.753576278686523, 20.644466400146484, 19.837169647216797, 19.134092330932617, 18.682022094726562, 18.24740219116211, 17.9094295501709, 17.48406410217285, 17.227352142333984, 16.97621726989746, 16.753564834594727, 16.477670669555664, 16.19955825805664, 16.034210205078125, 15.847758293151855, 15.54750919342041, 15.299002647399902, 15.11080265045166, 14.884294509887695, 14.776089668273926, 14.577839851379395, 14.394073486328125, 14.231637001037598, 14.082169532775879, 13.940034866333008, 13.83724308013916, 13.72987174987793, 13.646230697631836, 13.524320602416992, 13.44471549987793, 13.341031074523926, 13.21069049835205, 13.175657272338867, 13.071793556213379, 13.016165733337402], "val_loss": [0.010195457376539707, 0.007180540822446346, 0.0057872263714671135, 0.00517901498824358, 0.004734262824058533, 0.004165190737694502, 0.003998562693595886, 0.0035258750431239605, 0.0036886497400701046, 0.0034650268498808146, 0.0033570025116205215, 0.0033428044989705086, 0.0033970950171351433, 0.0030155896674841642, 0.0030688485130667686, 0.003031289903447032, 0.0028013770934194326, 0.002850626828148961, 0.0027192761190235615, 0.002718424191698432, 0.0026523987762629986, 0.0025834732223302126, 0.0025271468330174685, 0.0024286883417516947, 0.002431693486869335, 0.0023328729439526796, 0.002268858952447772, 0.0022004186175763607, 0.0022204394917935133, 0.0022949338890612125, 0.0021938204299658537, 0.002169859129935503, 0.0021171863190829754, 0.002137331524863839, 0.0020924198906868696, 0.002093956805765629, 0.0021203323267400265, 0.0021010313648730516, 0.0021145439241081476, 0.002108255634084344], "val_mean_absolute_percentage_error": [15392.7802734375, 14378.1357421875, 12991.1201171875, 12140.8515625, 10713.0859375, 9488.072265625, 9301.0361328125, 8773.2255859375, 8695.064453125, 8425.673828125, 8387.375, 8665.55859375, 8645.8544921875, 8211.1123046875, 8083.0556640625, 8425.9482421875, 8081.35498046875, 7678.57763671875, 7760.6474609375, 7742.79052734375, 7853.26123046875, 7940.091796875, 7951.94287109375, 7789.29931640625, 7936.75732421875, 7372.208984375, 7183.07568359375, 6989.01806640625, 7190.4619140625, 6645.041015625, 6518.94580078125, 6921.5810546875, 6218.443359375, 6838.8486328125, 6370.67138671875, 6155.564453125, 5865.87158203125, 5733.95263671875, 6131.43212890625, 6471.93798828125]}