{"loss": [0.022508611902594566, 0.007526093162596226, 0.006062380038201809, 0.005168558564037085, 0.004617065191268921, 0.004167784471064806, 0.003891928819939494, 0.0036673767026513815, 0.00348075688816607, 0.0032856808975338936, 0.003163243643939495, 0.0030485461466014385, 0.0029561121482402086, 0.0028688691090792418, 0.0027869930490851402, 0.0027195478323847055, 0.0025900041218847036, 0.002486777026206255, 0.0023791056592017412, 0.0023122276179492474, 0.0022489898838102818, 0.002149002393707633, 0.002091975649818778, 0.0020312003325670958, 0.0019638240337371826, 0.0019559618085622787, 0.0018910870421677828, 0.0018602149793878198, 0.0018198712496086955, 0.001807691645808518, 0.0017721308395266533, 0.0017332921270281076, 0.0017026459099724889, 0.0017048773588612676, 0.0016699134139344096, 0.001655001426115632, 0.0016354193212464452, 0.001612187479622662, 0.001579892705194652, 0.0015797852538526058], "mean_absolute_percentage_error": [44.62743377685547, 28.390649795532227, 25.26865577697754, 23.0424861907959, 21.430286407470703, 20.12043571472168, 19.210607528686523, 18.511337280273438, 17.9249210357666, 17.344337463378906, 16.95890235900879, 16.562358856201172, 16.261444091796875, 15.915369987487793, 15.736727714538574, 15.456238746643066, 15.043259620666504, 14.767721176147461, 14.423239707946777, 14.215792655944824, 13.952709197998047, 13.613283157348633, 13.418347358703613, 13.160012245178223, 12.993824005126953, 12.870429992675781, 12.679665565490723, 12.509561538696289, 12.356242179870605, 12.295648574829102, 12.167922973632812, 12.027779579162598, 11.916505813598633, 11.863506317138672, 11.732694625854492, 11.68237018585205, 11.577445030212402, 11.501181602478027, 11.400992393493652, 11.340648651123047], "val_loss": [0.007376012392342091, 0.0051804473623633385, 0.004516914486885071, 0.0039326041005551815, 0.003658563829958439, 0.003381990361958742, 0.003240484744310379, 0.0032077825162559748, 0.002956555224955082, 0.0027302391827106476, 0.0027187683153897524, 0.0024962942115962505, 0.0023706690408289433, 0.0025192550383508205, 0.0025592900346964598, 0.0023020480293780565, 0.0022063564974814653, 0.002213672734797001, 0.0020606450270861387, 0.0019062052015215158, 0.0018293039174750447, 0.00178809545468539, 0.0017453482141718268, 0.0016849939711391926, 0.0016600225353613496, 0.0016256567323580384, 0.0016588156577199697, 0.0016035884618759155, 0.001565449987538159, 0.0015987681690603495, 0.0017023736145347357, 0.0015669555868953466, 0.0015471248188987374, 0.0016789223300293088, 0.001482968800701201, 0.0015297523932531476, 0.0015337535878643394, 0.0016323826275765896, 0.0015317514771595597, 0.0016516486648470163], "val_mean_absolute_percentage_error": [12464.4736328125, 12943.791015625, 12211.974609375, 10292.21484375, 10112.4404296875, 9522.1982421875, 9313.5107421875, 9011.349609375, 8432.068359375, 8294.5537109375, 8653.8310546875, 8239.505859375, 7916.65576171875, 7688.3408203125, 8435.4716796875, 7866.3994140625, 7847.59228515625, 8128.853515625, 8102.7119140625, 7873.78076171875, 7731.45068359375, 7047.38037109375, 7290.07275390625, 6792.44091796875, 6431.46142578125, 6581.50439453125, 6245.83251953125, 6599.7607421875, 6380.81298828125, 6128.9208984375, 5728.7578125, 5733.984375, 5757.787109375, 5906.99951171875, 5980.7265625, 5213.7724609375, 5438.431640625, 4984.11572265625, 5482.70166015625, 5481.5029296875]}