{"loss": [0.03259172663092613, 0.010730250738561153, 0.00870448350906372, 0.007875611074268818, 0.007410229649394751, 0.007043268531560898, 0.006730418186634779, 0.006406881380826235, 0.006110926158726215, 0.005887393839657307, 0.005656190682202578, 0.005430224817246199, 0.0051943096332252026, 0.004968026652932167, 0.00479312427341938, 0.004656203091144562, 0.004531992133706808, 0.004431177396327257, 0.004313204437494278, 0.00422948831692338, 0.004158771131187677, 0.004078881349414587, 0.004020072985440493, 0.0039514657109975815, 0.003909131046384573, 0.0038605821318924427, 0.0038293933030217886, 0.003777195932343602, 0.0037515137810260057, 0.0036999774165451527, 0.0036664437502622604, 0.0036300926003605127, 0.003585672238841653, 0.003557987278327346, 0.003521139733493328, 0.0034565769601613283, 0.0034419663716107607, 0.003408330027014017, 0.003368093864992261, 0.0033361976966261864], "mean_absolute_percentage_error": [54.443748474121094, 34.85584259033203, 30.81362533569336, 29.303024291992188, 28.319490432739258, 27.393278121948242, 26.449607849121094, 25.485933303833008, 24.536985397338867, 23.895748138427734, 23.231027603149414, 22.61685562133789, 22.111257553100586, 21.583871841430664, 21.217382431030273, 20.826019287109375, 20.539400100708008, 20.23556900024414, 19.87874984741211, 19.653972625732422, 19.45363998413086, 19.207733154296875, 19.022233963012695, 18.8289737701416, 18.663803100585938, 18.5316162109375, 18.408836364746094, 18.279577255249023, 18.179542541503906, 18.014326095581055, 17.8955020904541, 17.792991638183594, 17.664325714111328, 17.590667724609375, 17.456649780273438, 17.26993751525879, 17.21505355834961, 17.104787826538086, 16.988605499267578, 16.89515495300293], "val_loss": [0.013198085129261017, 0.009466114453971386, 0.00840141624212265, 0.00785632524639368, 0.007792087737470865, 0.007559497840702534, 0.007216357160359621, 0.007073822896927595, 0.006504931021481752, 0.00643524806946516, 0.005963850300759077, 0.005909430328756571, 0.005683971103280783, 0.005603469908237457, 0.005258041433990002, 0.00523791927844286, 0.005060930270701647, 0.004851767793297768, 0.004782526288181543, 0.004749688319861889, 0.004809662699699402, 0.004870181437581778, 0.004654966294765472, 0.004525709897279739, 0.004625317640602589, 0.004483552649617195, 0.004362298641353846, 0.0044187079183757305, 0.004329863470047712, 0.004271055106073618, 0.004295443184673786, 0.004387985914945602, 0.004536855034530163, 0.004261968191713095, 0.0041407193057239056, 0.004152991808950901, 0.004083057399839163, 0.004086844623088837, 0.00409548869356513, 0.004052766133099794], "val_mean_absolute_percentage_error": [20018.6484375, 15856.0791015625, 13706.4296875, 12699.9521484375, 11458.2978515625, 11792.5732421875, 10426.1728515625, 10135.6806640625, 9467.40234375, 8994.0888671875, 8425.3896484375, 8802.658203125, 8898.052734375, 8431.19140625, 7858.66796875, 8336.6953125, 7792.3173828125, 7306.09716796875, 6924.7119140625, 6765.8857421875, 6753.93603515625, 6482.12939453125, 6210.1494140625, 5724.41162109375, 5785.86865234375, 5851.720703125, 5809.32763671875, 5553.7958984375, 5843.81591796875, 5848.6142578125, 5731.462890625, 5737.70458984375, 5783.10400390625, 6050.25830078125, 5978.7978515625, 5834.0302734375, 5856.98583984375, 6084.4921875, 6056.873046875, 5617.2255859375]}