{"loss": [0.031566768884658813, 0.008195201866328716, 0.006536423694342375, 0.005651736631989479, 0.004967398475855589, 0.0044951848685741425, 0.004191126208752394, 0.003922836389392614, 0.003771457588300109, 0.0035895819310098886, 0.0034660256933420897, 0.0033722519874572754, 0.003261091886088252, 0.0031883232295513153, 0.0030985758639872074, 0.0030020452104508877, 0.002926901914179325, 0.0028449944220483303, 0.002784145064651966, 0.00270184688270092, 0.002650049515068531, 0.002542615868151188, 0.0024772477336227894, 0.0024270745925605297, 0.002368241548538208, 0.002338171936571598, 0.0023011346347630024, 0.0022458198945969343, 0.002215268323197961, 0.0021811253391206264, 0.0021568285301327705, 0.002120122779160738, 0.0020995712839066982, 0.0020787406247109175, 0.0020518191158771515, 0.002020466374233365, 0.0019957791082561016, 0.001999052008613944, 0.0019841163884848356, 0.0019489992409944534], "mean_absolute_percentage_error": [50.473175048828125, 30.054288864135742, 26.419511795043945, 24.164321899414062, 22.41499900817871, 21.06158447265625, 20.117340087890625, 19.31981658935547, 18.77889060974121, 18.2042179107666, 17.83589744567871, 17.454269409179688, 17.14983558654785, 16.834901809692383, 16.589431762695312, 16.26392364501953, 16.00321388244629, 15.809073448181152, 15.621610641479492, 15.326963424682617, 15.124359130859375, 14.835713386535645, 14.622580528259277, 14.374955177307129, 14.183114051818848, 14.059399604797363, 13.9231538772583, 13.728515625, 13.57467269897461, 13.452783584594727, 13.333911895751953, 13.223589897155762, 13.13766860961914, 13.051874160766602, 12.958479881286621, 12.818739891052246, 12.737199783325195, 12.700484275817871, 12.635754585266113, 12.531216621398926], "val_loss": [0.0086026256904006, 0.006343537475913763, 0.0051593054085969925, 0.0047922939993441105, 0.004290414042770863, 0.003914657048881054, 0.0035284708719700575, 0.0034623334649950266, 0.003147243522107601, 0.0032365932129323483, 0.0030452341306954622, 0.0029293119441717863, 0.0029298528097569942, 0.002930536400526762, 0.002758345566689968, 0.0028375480324029922, 0.002666659187525511, 0.002560879336670041, 0.002513582818210125, 0.0024944141041487455, 0.002472109394147992, 0.0022430282551795244, 0.0022097371984273195, 0.0021880806889384985, 0.002109266584739089, 0.0020716567523777485, 0.002080758800730109, 0.0020229327492415905, 0.0019905746448785067, 0.0019980594515800476, 0.001928719924762845, 0.001943805138580501, 0.001906395424157381, 0.0018932240782305598, 0.001881555886939168, 0.001909638405777514, 0.0018849951447919011, 0.0018648034892976284, 0.0018535653362050653, 0.001889156992547214], "val_mean_absolute_percentage_error": [15039.4697265625, 13402.56640625, 11841.451171875, 11550.6171875, 10220.4560546875, 9350.4853515625, 9305.7734375, 9339.962890625, 8516.1708984375, 8486.3662109375, 7955.2958984375, 8335.8525390625, 7771.33935546875, 8013.6767578125, 7694.1708984375, 8053.3115234375, 7337.9150390625, 8142.62451171875, 7482.37255859375, 7546.20361328125, 7525.5537109375, 7212.17333984375, 7250.72802734375, 6900.77783203125, 7199.98193359375, 6436.40478515625, 7080.89990234375, 6483.50439453125, 7263.26123046875, 6632.92529296875, 6288.33642578125, 6094.9775390625, 6166.1396484375, 6242.72607421875, 6159.50439453125, 6436.599609375, 6331.64306640625, 5774.76171875, 6081.61083984375, 5528.52685546875]}