{"loss": [0.03125981241464615, 0.008681590668857098, 0.007139275781810284, 0.006407488603144884, 0.005736594554036856, 0.0051801446825265884, 0.004759740550071001, 0.004384176805615425, 0.004144645761698484, 0.003958210349082947, 0.0037460706662386656, 0.003599603893235326, 0.003481438150629401, 0.0033558316063135862, 0.0032512573525309563, 0.0031598161440342665, 0.0030822085682302713, 0.002979512792080641, 0.0029410498682409525, 0.0028532317373901606, 0.0027793985791504383, 0.0027323432732373476, 0.0026677974965423346, 0.002615208039060235, 0.002585320034995675, 0.0025529037229716778, 0.002487926045432687, 0.0024622967466712, 0.0024197206366807222, 0.00238586962223053, 0.0023631558287888765, 0.002368672750890255, 0.002312025288119912, 0.0022913054563105106, 0.0022843251936137676, 0.002274112543091178, 0.0022314246743917465, 0.0022271110210567713, 0.002198865870013833, 0.0021837439853698015], "mean_absolute_percentage_error": [51.61872482299805, 30.790382385253906, 27.39177894592285, 25.740694046020508, 24.374370574951172, 22.995182037353516, 21.73224639892578, 20.677597045898438, 19.8947811126709, 19.21016502380371, 18.610387802124023, 18.194141387939453, 17.778772354125977, 17.42771339416504, 17.075157165527344, 16.803327560424805, 16.5300350189209, 16.23393440246582, 16.025014877319336, 15.76376724243164, 15.501900672912598, 15.324551582336426, 15.115286827087402, 14.910895347595215, 14.818520545959473, 14.69100284576416, 14.458630561828613, 14.330083847045898, 14.227723121643066, 14.103886604309082, 14.010029792785645, 13.968746185302734, 13.791977882385254, 13.75057315826416, 13.685224533081055, 13.626569747924805, 13.520102500915527, 13.468735694885254, 13.348134994506836, 13.291963577270508], "val_loss": [0.009828424081206322, 0.006958785001188517, 0.006339816842228174, 0.006356748286634684, 0.005034228321164846, 0.004382622428238392, 0.004285816103219986, 0.0037135700695216656, 0.004149379208683968, 0.0035205702297389507, 0.003479059785604477, 0.0033161367755383253, 0.003270947840064764, 0.003280387260019779, 0.003083784831687808, 0.0031024341005831957, 0.0029163025319576263, 0.002823104616254568, 0.00271298224106431, 0.002773019252344966, 0.002672149334102869, 0.0025546313263475895, 0.0024758754298090935, 0.0023984070867300034, 0.0024184396024793386, 0.0023531317710876465, 0.002336527919396758, 0.0023177643306553364, 0.002253530779853463, 0.002290115226060152, 0.0023105533327907324, 0.0022707064636051655, 0.0022159197833389044, 0.0022328165359795094, 0.0022309664636850357, 0.002186023397371173, 0.0021578699816018343, 0.0022455090656876564, 0.0021728298161178827, 0.002144289668649435], "val_mean_absolute_percentage_error": [14748.1728515625, 13881.91796875, 12944.966796875, 13373.5419921875, 11718.6396484375, 11608.8291015625, 11619.6865234375, 10147.0458984375, 10777.1884765625, 9958.4306640625, 9447.6103515625, 9039.208984375, 9011.619140625, 8075.91552734375, 9098.4619140625, 8421.71484375, 8821.1123046875, 8587.0234375, 8207.896484375, 8496.8798828125, 8418.30078125, 7825.8212890625, 7259.55615234375, 7887.7138671875, 7696.578125, 7165.0859375, 7167.67626953125, 7048.16357421875, 7242.8935546875, 6583.78369140625, 6456.3017578125, 6525.35986328125, 6475.400390625, 6759.869140625, 5628.21484375, 6276.84814453125, 5969.4775390625, 6088.71630859375, 6279.52978515625, 6113.0791015625]}