{"loss": [0.03256184980273247, 0.010278054513037205, 0.008733290247619152, 0.007928662933409214, 0.007364216260612011, 0.00697279954329133, 0.006607720162719488, 0.006301856134086847, 0.0060538360849022865, 0.0058253756724298, 0.005609549582004547, 0.005363842938095331, 0.005127890966832638, 0.004900625441223383, 0.004761725198477507, 0.0045690992847085, 0.0044398317113518715, 0.004303045105189085, 0.004197030793875456, 0.004082339815795422, 0.004004277754575014, 0.003936381544917822, 0.0038647993933409452, 0.0038102869875729084, 0.0037601978983730078, 0.0037035993300378323, 0.0036813823971897364, 0.0036213805433362722, 0.0035830875858664513, 0.003532302100211382, 0.003483662148937583, 0.0034607630223035812, 0.0034244011621922255, 0.0033781565725803375, 0.003359300782904029, 0.0033163046464323997, 0.0032981380354613066, 0.0032502259127795696, 0.003253036644309759, 0.0032005151733756065], "mean_absolute_percentage_error": [53.110591888427734, 33.793540954589844, 30.728334426879883, 29.328630447387695, 28.187990188598633, 27.178192138671875, 26.122961044311523, 25.19045639038086, 24.402915954589844, 23.780094146728516, 23.146617889404297, 22.513469696044922, 22.001188278198242, 21.44744110107422, 21.13128089904785, 20.6600399017334, 20.31903648376465, 19.932130813598633, 19.62179946899414, 19.270706176757812, 19.020206451416016, 18.80199432373047, 18.60019302368164, 18.40074920654297, 18.22345542907715, 18.090450286865234, 18.020263671875, 17.843793869018555, 17.710132598876953, 17.581876754760742, 17.42500114440918, 17.350252151489258, 17.247360229492188, 17.10139274597168, 17.027645111083984, 16.899446487426758, 16.816274642944336, 16.688501358032227, 16.659923553466797, 16.521848678588867], "val_loss": [0.012078650295734406, 0.00946807861328125, 0.00889579951763153, 0.008088448084890842, 0.00787130743265152, 0.007542412728071213, 0.007070206571370363, 0.006992579437792301, 0.0068519688211381435, 0.006216834299266338, 0.006123206578195095, 0.005810875445604324, 0.005565805826336145, 0.005775968078523874, 0.005081383045762777, 0.005089874379336834, 0.004988060798496008, 0.004553094040602446, 0.0047889635898172855, 0.004531598649919033, 0.004537947475910187, 0.004432010464370251, 0.004268032032996416, 0.004375352989882231, 0.004187269601970911, 0.0041706757619977, 0.004269239958375692, 0.004317595157772303, 0.004180095624178648, 0.004170193336904049, 0.004216671921312809, 0.004023965448141098, 0.004076545126736164, 0.004039396997541189, 0.0039898911491036415, 0.00404620636254549, 0.003799569560214877, 0.0038071731105446815, 0.0038362464401870966, 0.003746564034372568], "val_mean_absolute_percentage_error": [18106.419921875, 16065.3818359375, 14182.2939453125, 13156.5595703125, 11902.4326171875, 11380.5732421875, 10717.208984375, 10144.3291015625, 9918.3212890625, 8933.978515625, 9219.6103515625, 9154.912109375, 8756.892578125, 9037.8544921875, 8348.29296875, 8457.9560546875, 7955.98291015625, 7194.9931640625, 7125.54248046875, 6874.78857421875, 6900.17041015625, 6331.4638671875, 6293.2998046875, 6272.01904296875, 5790.77099609375, 5834.11474609375, 6433.3466796875, 6160.0283203125, 5839.95068359375, 6163.91064453125, 5968.142578125, 5954.2333984375, 6054.26318359375, 5821.26220703125, 6179.5244140625, 5953.0283203125, 5672.8427734375, 5764.45361328125, 5796.52099609375, 5899.021484375]}