{"loss": [0.0319245383143425, 0.00984130147844553, 0.007142219226807356, 0.006309858523309231, 0.005687218625098467, 0.005226857960224152, 0.004800831899046898, 0.004437541123479605, 0.004127049818634987, 0.003887761849910021, 0.003745324444025755, 0.003625493496656418, 0.003520145546644926, 0.0034226649440824986, 0.003322862321510911, 0.0032492761965841055, 0.003162052948027849, 0.0030931136570870876, 0.003028946230188012, 0.0029743702616542578, 0.0028566578403115273, 0.0028007044456899166, 0.002712917048484087, 0.0026665565092116594, 0.0025965345557779074, 0.002556626917794347, 0.002525363815948367, 0.0024784638080745935, 0.00245081540197134, 0.0024209236726164818, 0.0023799759801477194, 0.0023537208326160908, 0.0023305437061935663, 0.0023114499635994434, 0.0022721020504832268, 0.00225434685125947, 0.0022449535317718983, 0.0022264502476900816, 0.002196905203163624, 0.0021792626939713955], "mean_absolute_percentage_error": [54.3817138671875, 33.26784133911133, 27.494903564453125, 25.697763442993164, 24.240909576416016, 22.98706817626953, 21.88921356201172, 20.751298904418945, 19.82264518737793, 19.099164962768555, 18.58604621887207, 18.159727096557617, 17.840965270996094, 17.50535774230957, 17.2508487701416, 16.9092960357666, 16.69622039794922, 16.451414108276367, 16.2584228515625, 16.062339782714844, 15.735624313354492, 15.616686820983887, 15.32280158996582, 15.156488418579102, 14.946854591369629, 14.762862205505371, 14.663071632385254, 14.441792488098145, 14.386520385742188, 14.274385452270508, 14.130098342895508, 14.017926216125488, 13.953590393066406, 13.837346076965332, 13.718820571899414, 13.626187324523926, 13.573594093322754, 13.507558822631836, 13.436714172363281, 13.345571517944336], "val_loss": [0.013022775761783123, 0.007433383725583553, 0.006144280079752207, 0.005686301272362471, 0.004948828369379044, 0.004747721832245588, 0.0042814407497644424, 0.0038184840232133865, 0.003906021825969219, 0.0034649409353733063, 0.003588983789086342, 0.003375018248334527, 0.003214197000488639, 0.0030597648583352566, 0.0030210395343601704, 0.0032367559615522623, 0.0029312740080058575, 0.002859750995412469, 0.0028687308076769114, 0.002842716174200177, 0.0027150362730026245, 0.0026525233406573534, 0.002510132035240531, 0.002454021479934454, 0.0023940622340887785, 0.00243099732324481, 0.0023794597946107388, 0.002417313400655985, 0.0022789144422858953, 0.0022459779866039753, 0.0022519752383232117, 0.0022140638902783394, 0.0022187011782079935, 0.002246549353003502, 0.002206105040386319, 0.002154344692826271, 0.0021538054570555687, 0.002146961400285363, 0.0021568266674876213, 0.002155108144506812], "val_mean_absolute_percentage_error": [19723.017578125, 14683.095703125, 13605.3916015625, 13182.8447265625, 12015.7666015625, 11806.09375, 11086.9609375, 10431.9482421875, 9791.0009765625, 8991.3095703125, 8778.1982421875, 8792.7890625, 8800.8779296875, 8268.826171875, 8210.9345703125, 8167.67431640625, 8202.8583984375, 8151.13818359375, 8157.83251953125, 7998.73828125, 7701.359375, 7419.79052734375, 7402.72802734375, 7191.42236328125, 6765.93505859375, 7049.2919921875, 6982.5810546875, 6763.82421875, 6541.54150390625, 6540.341796875, 6211.32666015625, 6373.12841796875, 6363.62353515625, 6382.6025390625, 6122.4423828125, 6382.4814453125, 6216.66064453125, 6170.529296875, 6432.5615234375, 6227.81494140625]}