{"loss": [0.026662563905119896, 0.007912714965641499, 0.0062439474277198315, 0.0052717020735144615, 0.00470329076051712, 0.004290811251848936, 0.003993970807641745, 0.0037404729519039392, 0.0035217436961829662, 0.003346980083733797, 0.0031672411132603884, 0.003011286025866866, 0.002882575150579214, 0.0027732199523597956, 0.0026500483509153128, 0.0025423099286854267, 0.002441020682454109, 0.00235048308968544, 0.0022908649407327175, 0.002223521936684847, 0.0021677541080862284, 0.002100234152749181, 0.0020433515310287476, 0.0020161333959549665, 0.0019738522823899984, 0.0019428126979619265, 0.0019045805092900991, 0.0018670333083719015, 0.001852901536040008, 0.001801470061764121, 0.0017852396704256535, 0.001772659132257104, 0.0017561785643920302, 0.0017271662363782525, 0.0017169344937428832, 0.0017043249681591988, 0.00169124745298177, 0.0016573267057538033, 0.0016539935022592545, 0.0016401972388848662], "mean_absolute_percentage_error": [47.58523178100586, 29.334394454956055, 25.751480102539062, 23.33902359008789, 21.725143432617188, 20.517105102539062, 19.541385650634766, 18.79056167602539, 18.12187385559082, 17.59078025817871, 17.03408432006836, 16.638399124145508, 16.1469783782959, 15.784439086914062, 15.3567533493042, 15.007740020751953, 14.680444717407227, 14.313135147094727, 14.081097602844238, 13.911856651306152, 13.632043838500977, 13.420395851135254, 13.258562088012695, 13.053380966186523, 12.892833709716797, 12.75702953338623, 12.611930847167969, 12.477249145507812, 12.382818222045898, 12.247013092041016, 12.126346588134766, 12.04062557220459, 11.999883651733398, 11.87247371673584, 11.813295364379883, 11.755840301513672, 11.679020881652832, 11.594676971435547, 11.5516357421875, 11.499679565429688], "val_loss": [0.00816917885094881, 0.005650223232805729, 0.004738978575915098, 0.004210502840578556, 0.003945675678551197, 0.0034747717436403036, 0.0032829062547534704, 0.003192252479493618, 0.0029955569189041853, 0.0028510927222669125, 0.0027691577561199665, 0.002835595514625311, 0.0025641131214797497, 0.002418439369648695, 0.0022885105572640896, 0.002147358376532793, 0.0020104378927499056, 0.0019493404543027282, 0.0019043359206989408, 0.0018051171209663153, 0.0018042968586087227, 0.0017040305538102984, 0.0016865696525201201, 0.001670223311521113, 0.0017519283574074507, 0.0016257785027846694, 0.0016308958875015378, 0.0016766611952334642, 0.0016171960160136223, 0.001616396475583315, 0.0016271781641989946, 0.0015433093067258596, 0.0015246744733303785, 0.0015848545590415597, 0.0015476925764232874, 0.0015930118970572948, 0.001578831346705556, 0.0015555964782834053, 0.0016397229628637433, 0.0016050286358222365], "val_mean_absolute_percentage_error": [13007.6591796875, 11681.009765625, 11578.7509765625, 11234.994140625, 10596.2900390625, 10196.9404296875, 9218.71484375, 9523.45703125, 8797.3017578125, 8700.263671875, 8371.525390625, 8890.64453125, 8567.6748046875, 8251.4375, 8595.33984375, 8413.1806640625, 7503.5107421875, 7508.138671875, 7385.76416015625, 7339.46240234375, 6797.76708984375, 7146.35205078125, 6597.2392578125, 6497.76318359375, 6460.43017578125, 6234.60546875, 6265.80322265625, 6030.8505859375, 6347.57470703125, 5846.62255859375, 5513.13037109375, 5983.92333984375, 5555.70947265625, 5631.29052734375, 6021.49609375, 5445.2529296875, 5235.1845703125, 5284.94140625, 5381.08837890625, 5402.61572265625]}