{"loss": [0.030496787279844284, 0.013265080749988556, 0.009412135928869247, 0.008214298635721207, 0.007704011630266905, 0.007304329425096512, 0.00678986357524991, 0.006378560792654753, 0.0061045680195093155, 0.005899276118725538, 0.005656776018440723, 0.005415215622633696, 0.0052458676509559155, 0.0051041655242443085, 0.004982131067663431, 0.0048613292165100574, 0.004758172202855349, 0.004650314338505268, 0.00456885015591979, 0.00450204499065876, 0.004444260150194168, 0.0043897745199501514, 0.004350661300122738, 0.004294881131500006, 0.004264157731086016, 0.004230007529258728, 0.004196059890091419, 0.0041605643928050995, 0.004137002397328615, 0.004114871844649315, 0.004095478914678097, 0.004079527221620083, 0.004052609205245972, 0.004033560398966074, 0.004015330690890551, 0.004003225360065699, 0.00397877674549818, 0.003961644135415554, 0.003946592099964619, 0.00392387667670846], "mean_absolute_percentage_error": [58.28627395629883, 40.23173904418945, 31.3336181640625, 29.63468360900879, 28.783546447753906, 27.671316146850586, 26.00517463684082, 24.558752059936523, 23.71234130859375, 23.190593719482422, 22.705801010131836, 22.313457489013672, 22.03752899169922, 21.734865188598633, 21.412912368774414, 21.048046112060547, 20.731048583984375, 20.402490615844727, 20.147083282470703, 19.953136444091797, 19.79001235961914, 19.61936378479004, 19.491180419921875, 19.34292984008789, 19.236650466918945, 19.14102554321289, 19.033130645751953, 18.926761627197266, 18.851320266723633, 18.792678833007812, 18.723230361938477, 18.673240661621094, 18.578760147094727, 18.510263442993164, 18.457021713256836, 18.41183853149414, 18.329896926879883, 18.269893646240234, 18.219554901123047, 18.147371292114258], "val_loss": [0.018697168678045273, 0.009811345487833023, 0.008698557503521442, 0.007941488176584244, 0.0076233334839344025, 0.007290884852409363, 0.00674274330958724, 0.006470427382737398, 0.00626020971685648, 0.006131715141236782, 0.0059099216014146805, 0.0055186552926898, 0.0055059208534657955, 0.005452084820717573, 0.005408667493611574, 0.005237526260316372, 0.005190118215978146, 0.005055353976786137, 0.004852257203310728, 0.004843891132622957, 0.004982988350093365, 0.004749781917780638, 0.0047539095394313335, 0.004633314907550812, 0.004660554230213165, 0.004709327127784491, 0.0045871250331401825, 0.004610431380569935, 0.004674061667174101, 0.004646227695047855, 0.004479091614484787, 0.004572752863168716, 0.0044183507561683655, 0.00457434356212616, 0.004579134751111269, 0.004418708384037018, 0.0044761537574231625, 0.004592390730977058, 0.004488169215619564, 0.004482798743993044], "val_mean_absolute_percentage_error": [26451.6484375, 17978.939453125, 15066.4033203125, 12706.1630859375, 11296.2705078125, 10339.7998046875, 8843.34765625, 8676.2470703125, 8633.4189453125, 8902.8125, 8908.2958984375, 8508.7861328125, 9180.0947265625, 8430.8212890625, 8305.29296875, 7641.69482421875, 6996.73291015625, 6428.4619140625, 6037.18359375, 5717.86376953125, 5932.2412109375, 5582.30126953125, 5541.67431640625, 5527.84423828125, 5504.7392578125, 5483.02783203125, 5089.32666015625, 5232.90380859375, 5367.7216796875, 5351.02490234375, 5022.5107421875, 5181.03515625, 5024.88525390625, 4901.48486328125, 5124.29736328125, 4991.77099609375, 5120.935546875, 5274.81396484375, 5155.0634765625, 5053.7451171875]}