{"loss": [0.031385842710733414, 0.010380474850535393, 0.00833517499268055, 0.0076508368365466595, 0.007076320704072714, 0.006513976491987705, 0.006067977752536535, 0.0057470169849693775, 0.005445410497486591, 0.005194332916289568, 0.005020212847739458, 0.00483194924890995, 0.004668825305998325, 0.004515752196311951, 0.0043740104883909225, 0.004254540894180536, 0.0041527715511620045, 0.004037539009004831, 0.003979937639087439, 0.0038950699381530285, 0.0038094441406428814, 0.003761918982490897, 0.0037187591660767794, 0.0036520648282021284, 0.003590232692658901, 0.003563587786629796, 0.0035088099539279938, 0.0034498388413339853, 0.003409594064578414, 0.0033738031052052975, 0.003334061009809375, 0.0032664856407791376, 0.0032478366047143936, 0.0032157818786799908, 0.0031830822117626667, 0.0031485508661717176, 0.0031281616538763046, 0.0030897643882781267, 0.003051821840927005, 0.003032467095181346], "mean_absolute_percentage_error": [53.583675384521484, 34.35723876953125, 30.07305145263672, 28.713851928710938, 27.42586326599121, 26.025203704833984, 24.78242301940918, 23.91944122314453, 23.05691909790039, 22.397626876831055, 21.8696346282959, 21.39021110534668, 20.930646896362305, 20.542280197143555, 20.142070770263672, 19.751129150390625, 19.482351303100586, 19.145694732666016, 18.95370864868164, 18.701385498046875, 18.448102951049805, 18.29946517944336, 18.143815994262695, 17.98041343688965, 17.73929786682129, 17.66278839111328, 17.51419448852539, 17.318567276000977, 17.21949577331543, 17.065351486206055, 16.977479934692383, 16.777517318725586, 16.64838218688965, 16.59377098083496, 16.439422607421875, 16.380435943603516, 16.261016845703125, 16.14463996887207, 16.042404174804688, 15.97383975982666], "val_loss": [0.012571632862091064, 0.008886275812983513, 0.00829683430492878, 0.00767545634880662, 0.006971005816012621, 0.006595762446522713, 0.006197084207087755, 0.005864670965820551, 0.0056652952916920185, 0.005419730208814144, 0.005555288400501013, 0.0051428875885903835, 0.004931067116558552, 0.004676467273384333, 0.004914071876555681, 0.004695172421634197, 0.004606631118804216, 0.004520955495536327, 0.004176303278654814, 0.00443029310554266, 0.004207080230116844, 0.004292629659175873, 0.003966832533478737, 0.003987881820648909, 0.0038920133374631405, 0.004118323791772127, 0.0038927372079342604, 0.0038499280344694853, 0.003771384945139289, 0.003968694247305393, 0.0037426126655191183, 0.0036281729117035866, 0.0037696147337555885, 0.003662366885691881, 0.003536852542310953, 0.0035613032523542643, 0.00339237367734313, 0.003437190083786845, 0.003420198569074273, 0.003410515608265996], "val_mean_absolute_percentage_error": [18031.330078125, 14515.4375, 13299.5849609375, 12798.208984375, 11052.6015625, 10329.68359375, 9954.7685546875, 9131.724609375, 8609.630859375, 8126.5361328125, 8241.6337890625, 8172.501953125, 7872.009765625, 7324.6689453125, 7761.1171875, 7542.39892578125, 7422.951171875, 7199.18212890625, 6793.48046875, 7460.93212890625, 7073.35302734375, 6867.623046875, 6789.2978515625, 6508.33837890625, 6842.470703125, 7103.5830078125, 6683.66748046875, 6689.37890625, 6823.49267578125, 7015.4375, 6377.94189453125, 6529.94189453125, 6933.8974609375, 6262.666015625, 5985.595703125, 6042.55859375, 6318.591796875, 5925.46240234375, 5835.30859375, 6049.89404296875]}