{"loss": [0.02765170857310295, 0.008410382084548473, 0.006658343132585287, 0.005782743450254202, 0.0050723799504339695, 0.0045563653111457825, 0.004226598888635635, 0.003955511841922998, 0.003731669159606099, 0.0035835960879921913, 0.003463854780420661, 0.0033286577090620995, 0.0032778463792055845, 0.0031852114479988813, 0.003107238095253706, 0.0030151582323014736, 0.0029954477213323116, 0.0029057711362838745, 0.0028362900484353304, 0.002771498169749975, 0.002723323879763484, 0.0026428645942360163, 0.0025889005046337843, 0.002538363914936781, 0.0024844796862453222, 0.002433236688375473, 0.002381326165050268, 0.0023341469932347536, 0.002290105214342475, 0.002250249031931162, 0.002200308721512556, 0.0021840340923517942, 0.0021572301629930735, 0.002119532087817788, 0.0020745140500366688, 0.002050893846899271, 0.002028539078310132, 0.001991603523492813, 0.0019806690979748964, 0.0019618745427578688], "mean_absolute_percentage_error": [49.77113342285156, 30.42093849182129, 26.53203773498535, 24.48251724243164, 22.646621704101562, 21.222957611083984, 20.167522430419922, 19.319637298583984, 18.68904685974121, 18.18959617614746, 17.737018585205078, 17.36872673034668, 17.15066909790039, 16.840900421142578, 16.55040740966797, 16.30695915222168, 16.178237915039062, 15.94418716430664, 15.664701461791992, 15.425934791564941, 15.260917663574219, 15.066120147705078, 14.834298133850098, 14.67786979675293, 14.465285301208496, 14.28834056854248, 14.156064987182617, 13.962657928466797, 13.816474914550781, 13.613715171813965, 13.50426959991455, 13.359926223754883, 13.300200462341309, 13.175375938415527, 13.050806045532227, 12.909292221069336, 12.86750602722168, 12.757086753845215, 12.677703857421875, 12.605791091918945], "val_loss": [0.009146878495812416, 0.006162614095956087, 0.005380884278565645, 0.004777322523295879, 0.004455197136849165, 0.004028570372611284, 0.0035743999760597944, 0.0037104429211467505, 0.0034092057030647993, 0.0032819441985338926, 0.0032286213245242834, 0.0030419842805713415, 0.0031697722151875496, 0.0030952764209359884, 0.00281519559212029, 0.0030681383796036243, 0.002889065770432353, 0.002783927833661437, 0.002751111751422286, 0.0027747631538659334, 0.00266369734890759, 0.0025512687861919403, 0.002548930002376437, 0.002523176372051239, 0.002491334918886423, 0.0022933611180633307, 0.002404619939625263, 0.0022257885430008173, 0.0021477851551026106, 0.0020748674869537354, 0.0020334934815764427, 0.002018601167947054, 0.001972066005691886, 0.0019623145926743746, 0.0019602682441473007, 0.0018297660863026977, 0.0018440934363752604, 0.001830400200560689, 0.0018617429304867983, 0.001829428132623434], "val_mean_absolute_percentage_error": [15410.2890625, 13034.2373046875, 11866.60546875, 11495.6025390625, 11042.91796875, 10567.25, 9026.1767578125, 9896.681640625, 8925.0908203125, 8982.26171875, 8925.10546875, 8802.4697265625, 8815.119140625, 8708.642578125, 8091.32177734375, 8618.888671875, 8648.744140625, 8156.79443359375, 7969.18701171875, 8621.5361328125, 8275.478515625, 7817.9794921875, 8185.52392578125, 7805.09521484375, 7573.2822265625, 7563.63134765625, 7553.078125, 7510.87451171875, 7209.93701171875, 7787.1064453125, 6990.6806640625, 6860.95263671875, 6891.3056640625, 6972.26123046875, 6612.49365234375, 6579.75390625, 6781.7099609375, 6654.912109375, 6705.4521484375, 6939.83056640625]}