{"loss": [0.033128660172224045, 0.011531119234859943, 0.008427555672824383, 0.007736982777714729, 0.007299888879060745, 0.006986574735492468, 0.006647123489528894, 0.00632826890796423, 0.006022078450769186, 0.005761546548455954, 0.00549530191347003, 0.005298137664794922, 0.00510771619156003, 0.004919281229376793, 0.004770403727889061, 0.004627889022231102, 0.004502835217863321, 0.004403843078762293, 0.004296476021409035, 0.004187973216176033, 0.004109753295779228, 0.004037831909954548, 0.003960135858505964, 0.0038821320049464703, 0.0038567539304494858, 0.0037942950148135424, 0.0037362000439316034, 0.003689011326059699, 0.0036696400493383408, 0.0036340344231575727, 0.00358102866448462, 0.0035569961182773113, 0.0035103692207485437, 0.0035002524964511395, 0.003446651855483651, 0.0034180725924670696, 0.003406174946576357, 0.003364295931532979, 0.003349565900862217, 0.0033211647532880306], "mean_absolute_percentage_error": [55.631595611572266, 36.70705795288086, 30.426984786987305, 29.061735153198242, 28.1235408782959, 27.272310256958008, 26.351093292236328, 25.364240646362305, 24.445165634155273, 23.70498275756836, 22.989566802978516, 22.518096923828125, 22.01931381225586, 21.532880783081055, 21.154937744140625, 20.85788917541504, 20.509449005126953, 20.235002517700195, 19.93585777282715, 19.61125946044922, 19.39634895324707, 19.130126953125, 18.886751174926758, 18.65414047241211, 18.542715072631836, 18.377796173095703, 18.198894500732422, 18.0648193359375, 17.929595947265625, 17.822216033935547, 17.6617488861084, 17.602764129638672, 17.433683395385742, 17.40564727783203, 17.25358009338379, 17.133493423461914, 17.067567825317383, 16.923259735107422, 16.904956817626953, 16.796167373657227], "val_loss": [0.01580221951007843, 0.009147250093519688, 0.008612615056335926, 0.008285228163003922, 0.007421609479933977, 0.007433274760842323, 0.0070494539104402065, 0.006535320542752743, 0.006726519670337439, 0.006174624897539616, 0.006088676396757364, 0.005683303344994783, 0.005725250579416752, 0.00539781479164958, 0.005116792395710945, 0.005029695574194193, 0.004883145913481712, 0.004774934146553278, 0.004639769904315472, 0.004751616157591343, 0.0045652431435883045, 0.004454060457646847, 0.00458596833050251, 0.004421992693096399, 0.004478036426007748, 0.004394220653921366, 0.004375352989882231, 0.0041510602459311485, 0.00432107038795948, 0.004234988242387772, 0.004341723397374153, 0.004219503607600927, 0.00407800218090415, 0.0041671860963106155, 0.004155538510531187, 0.004089807625859976, 0.004096999764442444, 0.004180858377367258, 0.004101758822798729, 0.0042379871010780334], "val_mean_absolute_percentage_error": [21059.513671875, 15759.1005859375, 14000.017578125, 13365.71484375, 12312.125, 11894.455078125, 11066.4169921875, 10254.2685546875, 9935.3681640625, 9731.9365234375, 9177.939453125, 8435.5439453125, 8658.8427734375, 8342.646484375, 8096.39501953125, 7822.359375, 7899.02392578125, 7852.18603515625, 7145.87939453125, 7190.35498046875, 6670.279296875, 6499.4169921875, 6615.0966796875, 6246.27978515625, 6254.9130859375, 6188.35546875, 6434.39111328125, 5995.5654296875, 6367.515625, 5927.00439453125, 6559.57958984375, 6350.6435546875, 6058.23876953125, 5994.4296875, 5914.5615234375, 6125.9287109375, 6087.09033203125, 6400.44873046875, 6505.71240234375, 6537.40771484375]}