{"loss": [0.030627595260739326, 0.011980690993368626, 0.00894218124449253, 0.007960336282849312, 0.007674296852201223, 0.007333191577345133, 0.006887400057166815, 0.006427005399018526, 0.0059565650299191475, 0.005540119484066963, 0.00526348827406764, 0.005092146806418896, 0.004958512261509895, 0.004827583208680153, 0.004717242904007435, 0.004630486015230417, 0.0045564910396933556, 0.0045029837638139725, 0.004446142818778753, 0.004397253040224314, 0.004350987728685141, 0.004311645403504372, 0.0042691947892308235, 0.0042344918474555016, 0.004206906538456678, 0.004175885114818811, 0.004152173176407814, 0.004126433283090591, 0.004096938297152519, 0.004074486903846264, 0.004057293292135, 0.004038312006741762, 0.004018280189484358, 0.00399951683357358, 0.0039824494160711765, 0.003960619680583477, 0.003936980850994587, 0.003926141187548637, 0.00390949472784996, 0.003889896208420396], "mean_absolute_percentage_error": [58.49029541015625, 37.38521957397461, 30.68009376525879, 29.311279296875, 28.719818115234375, 27.803499221801758, 26.397045135498047, 25.016632080078125, 23.754112243652344, 22.76883888244629, 22.113740921020508, 21.654281616210938, 21.266115188598633, 20.87018585205078, 20.544466018676758, 20.285863876342773, 20.05685043334961, 19.892070770263672, 19.718278884887695, 19.575489044189453, 19.44745635986328, 19.327117919921875, 19.19803237915039, 19.097362518310547, 19.001615524291992, 18.913619995117188, 18.828170776367188, 18.760828018188477, 18.658493041992188, 18.588895797729492, 18.54454803466797, 18.48223114013672, 18.417022705078125, 18.34870719909668, 18.300060272216797, 18.229928970336914, 18.155954360961914, 18.12113380432129, 18.06625747680664, 18.004531860351562], "val_loss": [0.016820482909679413, 0.009441019035875797, 0.008063975721597672, 0.007900713942945004, 0.007630559615790844, 0.0072082336992025375, 0.006761157885193825, 0.006250489037483931, 0.005769410170614719, 0.005633083172142506, 0.005384958349168301, 0.005282172001898289, 0.005132180638611317, 0.005013641435652971, 0.0052518900483846664, 0.00490175886079669, 0.004866860806941986, 0.004730557557195425, 0.004725680220872164, 0.004747985862195492, 0.004828098230063915, 0.004688622429966927, 0.004822134971618652, 0.004691537003964186, 0.004819933790713549, 0.004656210076063871, 0.004651684779673815, 0.0045950524508953094, 0.0046181706711649895, 0.0044618393294513226, 0.0045968531630933285, 0.004670760594308376, 0.004512987099587917, 0.004612253047525883, 0.0044758934527635574, 0.004447381943464279, 0.004392188508063555, 0.004428256303071976, 0.004504409618675709, 0.004373873118311167], "val_mean_absolute_percentage_error": [25601.0625, 16833.37109375, 12800.794921875, 11812.9130859375, 11514.3076171875, 10350.0, 9094.615234375, 8006.6083984375, 8264.912109375, 8445.06640625, 7932.7314453125, 7369.1484375, 7187.4140625, 6575.568359375, 6689.9052734375, 5964.49365234375, 5759.70654296875, 5866.75048828125, 5621.79345703125, 5695.52001953125, 5923.416015625, 6029.09912109375, 6296.9951171875, 6116.025390625, 6281.57421875, 6155.17626953125, 6254.46435546875, 6332.4013671875, 6361.22900390625, 6050.8486328125, 6362.31640625, 6736.09521484375, 6349.734375, 6484.7001953125, 6129.744140625, 6287.76708984375, 6213.3408203125, 6449.86669921875, 6432.60986328125, 6272.53759765625]}