{"loss": [0.0238709207624197, 0.00761215016245842, 0.005977286025881767, 0.005078629124909639, 0.004498661030083895, 0.004122084006667137, 0.0038251145742833614, 0.0035992679186165333, 0.0034490362741053104, 0.0032787304371595383, 0.0031448868103325367, 0.00308914459310472, 0.0029810538981109858, 0.0029315785504877567, 0.0028493551071733236, 0.0027987449429929256, 0.0027444998268038034, 0.0026850574649870396, 0.002636942081153393, 0.002526251832023263, 0.0024157322477549314, 0.0023105982691049576, 0.002211690880358219, 0.0021507733035832644, 0.0020591176580637693, 0.0020246515050530434, 0.0019572842866182327, 0.0019207962322980165, 0.0018856601091101766, 0.0018373536877334118, 0.0018237667391076684, 0.0017915979260578752, 0.0017601922154426575, 0.0017300460021942854, 0.001722940942272544, 0.00170232099480927, 0.0016793272225186229, 0.0016575319459661841, 0.0016614253399893641, 0.0016222025733441114], "mean_absolute_percentage_error": [45.35068893432617, 28.770265579223633, 25.17806625366211, 22.832761764526367, 21.035951614379883, 19.93836212158203, 19.037445068359375, 18.284069061279297, 17.799785614013672, 17.28123664855957, 16.856237411499023, 16.551528930664062, 16.29256820678711, 16.08934783935547, 15.832915306091309, 15.614492416381836, 15.425326347351074, 15.184419631958008, 15.029767990112305, 14.768818855285645, 14.453121185302734, 14.089441299438477, 13.784906387329102, 13.589322090148926, 13.31584358215332, 13.15762996673584, 12.924338340759277, 12.754644393920898, 12.615802764892578, 12.448500633239746, 12.41425895690918, 12.267143249511719, 12.134654998779297, 11.984112739562988, 11.926697731018066, 11.85010814666748, 11.760235786437988, 11.731813430786133, 11.648970603942871, 11.509001731872559], "val_loss": [0.007096488960087299, 0.005036026239395142, 0.004375353921204805, 0.003796494333073497, 0.003552487352862954, 0.0036227877717465162, 0.0033127230126410723, 0.003058649832382798, 0.0031091817654669285, 0.0030284933745861053, 0.0028309335466474295, 0.002826952375471592, 0.002837957814335823, 0.0025396414566785097, 0.002698830096051097, 0.0024810931645333767, 0.002404266269877553, 0.002297591185197234, 0.0022660803515464067, 0.002214607084169984, 0.002128016436472535, 0.0020187071058899164, 0.0019485779339447618, 0.001768781221471727, 0.00177963194437325, 0.0017116767121478915, 0.0017088025342673063, 0.0016298509435728192, 0.001686117728240788, 0.001565620070323348, 0.0015361194964498281, 0.0015444780001416802, 0.0016235609073191881, 0.0015527124051004648, 0.001500857062637806, 0.0015514780534431338, 0.0014760649064555764, 0.0014846186386421323, 0.001559913158416748, 0.001544829225167632], "val_mean_absolute_percentage_error": [12892.5166015625, 12427.7626953125, 11666.5634765625, 10552.9375, 9938.1962890625, 9712.423828125, 9586.2802734375, 8964.6416015625, 8627.1669921875, 8960.1923828125, 8506.23828125, 8746.1240234375, 8654.8046875, 8125.9853515625, 8379.7919921875, 8009.68896484375, 8008.16552734375, 7541.7685546875, 7776.0478515625, 7462.79296875, 7440.61181640625, 7257.408203125, 7201.8154296875, 7123.6962890625, 6607.130859375, 6516.44189453125, 6386.33349609375, 6211.22998046875, 5729.1884765625, 6396.53076171875, 6044.8994140625, 6260.35009765625, 5949.978515625, 5677.1181640625, 6395.55029296875, 5687.3447265625, 5808.4931640625, 5579.8681640625, 5405.55859375, 5729.107421875]}