{"loss": [0.028667686507105827, 0.008653980679810047, 0.006809780839830637, 0.006063272710889578, 0.00543384300544858, 0.004958667326718569, 0.0045975553803145885, 0.004269137047231197, 0.004032225348055363, 0.003832723945379257, 0.003690175013616681, 0.0035645724274218082, 0.0034789619967341423, 0.003375445958226919, 0.0032708884682506323, 0.00320983724668622, 0.0031147811096161604, 0.0030245627276599407, 0.00294892699457705, 0.002910006558522582, 0.002824554219841957, 0.0027710755821317434, 0.0026902356185019016, 0.0026548351161181927, 0.0025927030947059393, 0.0025332679506391287, 0.0025148792192339897, 0.0024624140933156013, 0.002432751702144742, 0.002390065463259816, 0.002362866187468171, 0.002339742612093687, 0.0023276745341718197, 0.002308991737663746, 0.0022666356526315212, 0.002256743609905243, 0.0022366151679307222, 0.0022241356782615185, 0.002190136117860675, 0.002183625241741538], "mean_absolute_percentage_error": [49.987892150878906, 30.803211212158203, 26.717802047729492, 25.066932678222656, 23.63311004638672, 22.36074447631836, 21.34602165222168, 20.34577751159668, 19.61517906188965, 18.974632263183594, 18.506332397460938, 18.116634368896484, 17.818756103515625, 17.523944854736328, 17.194303512573242, 16.95127296447754, 16.731576919555664, 16.404376983642578, 16.189205169677734, 16.037887573242188, 15.77708625793457, 15.578058242797852, 15.312173843383789, 15.186934471130371, 14.940851211547852, 14.80554485321045, 14.703778266906738, 14.524862289428711, 14.412185668945312, 14.279861450195312, 14.185664176940918, 14.099617004394531, 14.03966236114502, 13.942410469055176, 13.810347557067871, 13.765504837036133, 13.668532371520996, 13.586928367614746, 13.503756523132324, 13.454045295715332], "val_loss": [0.010159044526517391, 0.006595773156732321, 0.005947557277977467, 0.0051062447018921375, 0.004975500982254744, 0.004582530818879604, 0.004184644669294357, 0.0038714196998625994, 0.0036232732236385345, 0.003595769638195634, 0.00337792350910604, 0.003462468972429633, 0.0031411179807037115, 0.0031571942381560802, 0.0030007457826286554, 0.0031574233435094357, 0.003023434430360794, 0.0027727640699595213, 0.002855683211237192, 0.0026724485214799643, 0.0025540681090205908, 0.002503469819203019, 0.002516977023333311, 0.0024095983244478703, 0.00230177934281528, 0.0023766220547258854, 0.00226572179235518, 0.002242988208308816, 0.002181299729272723, 0.002206842415034771, 0.002153530018404126, 0.0021771464962512255, 0.0021260057110339403, 0.0021426731254905462, 0.0021156298462301493, 0.0021560622844845057, 0.0021908555645495653, 0.0021288308780640364, 0.002160456031560898, 0.002120081800967455], "val_mean_absolute_percentage_error": [15757.44921875, 13248.1337890625, 12400.51171875, 11316.634765625, 10975.720703125, 11073.1240234375, 10049.4091796875, 9306.490234375, 9213.6171875, 8726.609375, 8663.4501953125, 9157.7734375, 8448.0673828125, 8048.1796875, 8071.8720703125, 8052.896484375, 8158.30615234375, 7873.24755859375, 7867.74072265625, 7967.9912109375, 7249.41357421875, 7624.125, 7341.16748046875, 6730.33642578125, 6915.8251953125, 7051.35986328125, 6446.55126953125, 6853.216796875, 6592.1630859375, 6518.5341796875, 6364.72900390625, 6017.94384765625, 6125.435546875, 6460.5390625, 6335.5107421875, 5831.35009765625, 5573.83349609375, 6161.8291015625, 5582.46533203125, 5605.654296875]}