{"loss": [0.02398872748017311, 0.007815700955688953, 0.006181078031659126, 0.005227366462349892, 0.004601558670401573, 0.004168881103396416, 0.0039118994027376175, 0.003661960596218705, 0.003481412772089243, 0.0032887763809412718, 0.0031895420979708433, 0.003085206262767315, 0.0029775919392704964, 0.0028757369145751, 0.0027835997752845287, 0.0026728585362434387, 0.0026074829511344433, 0.0025356560945510864, 0.0024251826107501984, 0.0023526432923972607, 0.0022642090916633606, 0.002175833098590374, 0.002132908208295703, 0.002053298754617572, 0.0020005530677735806, 0.0019561646040529013, 0.0018972133984789252, 0.0018755797063931823, 0.0018057373818010092, 0.0017836105544120073, 0.00178109563421458, 0.0017245805356651545, 0.0017049753805622458, 0.00167513033375144, 0.001663399743847549, 0.0016279405681416392, 0.0015766073483973742, 0.0016024677315726876, 0.0015618944307789207, 0.0015425828751176596], "mean_absolute_percentage_error": [44.683448791503906, 29.102561950683594, 25.691455841064453, 23.21859359741211, 21.336721420288086, 20.016725540161133, 19.165124893188477, 18.410409927368164, 17.863676071166992, 17.206790924072266, 16.952966690063477, 16.55512237548828, 16.227956771850586, 15.846302032470703, 15.641695976257324, 15.302331924438477, 14.997811317443848, 14.75568675994873, 14.483072280883789, 14.184438705444336, 13.915482521057129, 13.614079475402832, 13.387393951416016, 13.165484428405762, 13.004650115966797, 12.786757469177246, 12.630243301391602, 12.513199806213379, 12.333134651184082, 12.181463241577148, 12.160616874694824, 11.983844757080078, 11.839532852172852, 11.803690910339355, 11.679333686828613, 11.575682640075684, 11.464864730834961, 11.44028377532959, 11.289210319519043, 11.27787971496582], "val_loss": [0.007122365292161703, 0.00536693911999464, 0.004393293056637049, 0.004039317835122347, 0.003537210635840893, 0.0036543668247759342, 0.0030870132613927126, 0.003157450119033456, 0.0028963624499738216, 0.0028048118110746145, 0.0027001225389540195, 0.0025539498310536146, 0.0027160539757460356, 0.0024312720634043217, 0.0024673689622431993, 0.0023527888115495443, 0.002131109591573477, 0.0021727897692471743, 0.0020578252151608467, 0.0020601944997906685, 0.001972122583538294, 0.0017440026858821511, 0.0017455294728279114, 0.0016895002918317914, 0.001704505062662065, 0.0015621446073055267, 0.0016091037541627884, 0.0015792340273037553, 0.0015085790073499084, 0.0015018557896837592, 0.0014438780490309, 0.0014888218138366938, 0.0014750087866559625, 0.001448350609280169, 0.0014571361243724823, 0.0015507782809436321, 0.0013988296268507838, 0.0014565592864528298, 0.0014412913005799055, 0.0013632006011903286], "val_mean_absolute_percentage_error": [10851.6943359375, 12587.7900390625, 11828.1123046875, 11800.033203125, 9883.958984375, 9372.955078125, 9427.87109375, 8956.705078125, 8219.7607421875, 9081.123046875, 8885.1787109375, 9394.7001953125, 8824.736328125, 8704.8271484375, 8086.6904296875, 7736.8466796875, 7690.9345703125, 8677.234375, 7063.25341796875, 7935.85986328125, 7737.951171875, 6731.4306640625, 7311.2587890625, 7231.52783203125, 6961.0390625, 6750.3583984375, 7024.67724609375, 6066.564453125, 6447.54345703125, 6842.33837890625, 6210.140625, 5626.564453125, 6008.45556640625, 5733.20361328125, 5955.83447265625, 5330.36865234375, 5729.48193359375, 5644.708984375, 5406.9306640625, 5107.3896484375]}