{"loss": [0.029946142807602882, 0.008019671775400639, 0.0064951032400131226, 0.005667388904839754, 0.004979461897164583, 0.004525771830230951, 0.004169721622020006, 0.003909908700734377, 0.003687838790938258, 0.0035518240183591843, 0.0034397393465042114, 0.0032995548099279404, 0.0032218575943261385, 0.003138476749882102, 0.003064485965296626, 0.002975467825308442, 0.0029384014196693897, 0.002853983547538519, 0.0027668399270623922, 0.002715400420129299, 0.0026239450089633465, 0.002558619948104024, 0.002514931373298168, 0.0024156514555215836, 0.0023797214962542057, 0.002291695913299918, 0.002257619984447956, 0.0021973876282572746, 0.0021617675665766, 0.00213150167837739, 0.002104576677083969, 0.002060953062027693, 0.0020419019274413586, 0.00200452608987689, 0.002001511864364147, 0.0019726883620023727, 0.0019518764456734061, 0.001931189326569438, 0.0019260455155745149, 0.0018865701276808977], "mean_absolute_percentage_error": [48.88273620605469, 29.688011169433594, 26.340272903442383, 24.37360382080078, 22.64227294921875, 21.33104705810547, 20.1621036529541, 19.370746612548828, 18.591394424438477, 18.115068435668945, 17.708133697509766, 17.291685104370117, 17.019100189208984, 16.705730438232422, 16.527549743652344, 16.253986358642578, 16.050119400024414, 15.811039924621582, 15.53088665008545, 15.374472618103027, 15.120582580566406, 14.916606903076172, 14.668952941894531, 14.404403686523438, 14.294188499450684, 14.041619300842285, 13.871362686157227, 13.693814277648926, 13.539554595947266, 13.38692569732666, 13.296347618103027, 13.140314102172852, 13.020323753356934, 12.940926551818848, 12.856546401977539, 12.73291301727295, 12.682418823242188, 12.537233352661133, 12.554871559143066, 12.389039039611816], "val_loss": [0.008437998592853546, 0.006322808098047972, 0.005108820740133524, 0.004823216237127781, 0.00426509277895093, 0.003906139638274908, 0.003712988691404462, 0.003615588415414095, 0.0034105232916772366, 0.0033368226140737534, 0.0029880767688155174, 0.002957872347906232, 0.0028862638864666224, 0.002908148104324937, 0.002809948055073619, 0.002760522533208132, 0.002589937997981906, 0.0027661637868732214, 0.0023668035864830017, 0.002505618380382657, 0.002338813617825508, 0.0023624366149306297, 0.0022621226962655783, 0.002106185769662261, 0.0020094304345548153, 0.001954455627128482, 0.0019875802099704742, 0.0019120204960927367, 0.0019123011734336615, 0.0018048423808068037, 0.001823121914640069, 0.0018431629287078977, 0.0018525710329413414, 0.0017591307405382395, 0.001820084173232317, 0.001775621552951634, 0.001810763729736209, 0.0017481453251093626, 0.0017181355506181717, 0.0018176952144131064], "val_mean_absolute_percentage_error": [14065.9345703125, 13248.521484375, 12689.349609375, 12847.3466796875, 11963.998046875, 11565.2109375, 9865.5078125, 9881.412109375, 9371.515625, 9166.986328125, 8476.4482421875, 8471.5791015625, 8022.068359375, 8350.2294921875, 8561.4375, 7434.75390625, 7342.7109375, 7878.328125, 7702.80224609375, 7214.6318359375, 7437.0693359375, 7016.5771484375, 6992.68115234375, 6304.3759765625, 6826.4033203125, 6269.0322265625, 6575.78076171875, 5983.00634765625, 5969.89208984375, 6305.85595703125, 6206.70654296875, 5745.5634765625, 5982.83984375, 5939.9501953125, 5790.3017578125, 5630.2109375, 5682.15478515625, 5747.63623046875, 5520.0712890625, 5421.26318359375]}