{"loss": [0.025546973571181297, 0.00823136419057846, 0.0064267260022461414, 0.005480174906551838, 0.004854991100728512, 0.00434396555647254, 0.003984624054282904, 0.003701381618157029, 0.0035134730860590935, 0.0033545889891684055, 0.003184078261256218, 0.003057892434298992, 0.002958705648779869, 0.0028286154847592115, 0.0027105745393782854, 0.0026269229128956795, 0.0025327373296022415, 0.002433571731671691, 0.002332505537196994, 0.002268351847305894, 0.0022179295774549246, 0.002161532873287797, 0.002101043239235878, 0.002070552436634898, 0.002015147591009736, 0.0019667851738631725, 0.0019530132412910461, 0.0019055830780416727, 0.00187552603892982, 0.001860227668657899, 0.0018252624431625009, 0.001800708007067442, 0.0017966582672670484, 0.0017751503037288785, 0.0017443884862586856, 0.0017385422252118587, 0.0017147086327895522, 0.001686067203991115, 0.0016810945235192776, 0.0016659798566251993], "mean_absolute_percentage_error": [48.520103454589844, 30.17529296875, 26.205183029174805, 23.894710540771484, 22.087905883789062, 20.62053680419922, 19.482755661010742, 18.650468826293945, 18.040687561035156, 17.558870315551758, 17.020490646362305, 16.611289978027344, 16.264022827148438, 15.930848121643066, 15.588563919067383, 15.280686378479004, 14.996502876281738, 14.65205192565918, 14.302238464355469, 14.066361427307129, 13.849364280700684, 13.615645408630371, 13.457866668701172, 13.270261764526367, 13.096179962158203, 12.948393821716309, 12.809822082519531, 12.651208877563477, 12.538657188415527, 12.467491149902344, 12.317895889282227, 12.233271598815918, 12.212663650512695, 12.134276390075684, 12.003653526306152, 11.938371658325195, 11.854043960571289, 11.782442092895508, 11.742534637451172, 11.669492721557617], "val_loss": [0.0082157664000988, 0.00595539715141058, 0.0048905410803854465, 0.004178472328931093, 0.004022554028779268, 0.003501494647935033, 0.0032498652581125498, 0.003062179544940591, 0.0029216366820037365, 0.0029983078129589558, 0.002898663515225053, 0.0027567625511437654, 0.0026386380195617676, 0.0025062859058380127, 0.002313322154805064, 0.0022430182434618473, 0.0021044632885605097, 0.0020161850843578577, 0.0018967377254739404, 0.001818603603169322, 0.0018379517132416368, 0.0018577820155769587, 0.0018217746401205659, 0.0018090264638885856, 0.0016962892841547728, 0.0017256652936339378, 0.0017010676674544811, 0.00171465496532619, 0.0016286438331007957, 0.001644639763981104, 0.0016141501255333424, 0.0017136579845100641, 0.0016521001234650612, 0.0017828230047598481, 0.001723839552141726, 0.0016390151577070355, 0.0016546526458114386, 0.001611016457900405, 0.0016207803273573518, 0.0016596100758761168], "val_mean_absolute_percentage_error": [14015.8388671875, 13164.486328125, 12614.701171875, 11654.4580078125, 10891.0615234375, 10397.609375, 9994.98046875, 9912.73828125, 9284.30859375, 9633.21875, 9079.7236328125, 8741.873046875, 8611.0830078125, 8492.962890625, 8231.1845703125, 8486.4130859375, 7891.5712890625, 7957.6630859375, 7485.41015625, 7003.90869140625, 7490.0673828125, 6662.37939453125, 5867.41259765625, 6607.61962890625, 6440.7548828125, 6351.048828125, 6018.21630859375, 6088.5908203125, 6193.3486328125, 5945.91357421875, 5912.4736328125, 5741.64013671875, 6072.70654296875, 5241.64990234375, 5327.2666015625, 5826.77001953125, 5467.001953125, 5834.560546875, 5283.97607421875, 5568.49365234375]}