{"loss": [0.032507769763469696, 0.010028935968875885, 0.00817788764834404, 0.007396056316792965, 0.006828849203884602, 0.006303695496171713, 0.005846540909260511, 0.005435202270746231, 0.0051098838448524475, 0.004817185457795858, 0.004552328959107399, 0.004389976616948843, 0.004233024548739195, 0.004126725718379021, 0.004037722013890743, 0.003939099609851837, 0.003842354519292712, 0.003778443904593587, 0.0037160897627472878, 0.0036397401709109545, 0.0035876368638128042, 0.003523927414789796, 0.003468081122264266, 0.003428059397265315, 0.003389467718079686, 0.0033399469684809446, 0.003281322307884693, 0.0032739003654569387, 0.0032459748908877373, 0.0032094824127852917, 0.003177741076797247, 0.003136787563562393, 0.0030986315105110407, 0.0030529543291777372, 0.003042785683646798, 0.003001696430146694, 0.0029735038988292217, 0.0029503952246159315, 0.0029134058859199286, 0.0028794649988412857], "mean_absolute_percentage_error": [53.58903884887695, 33.44760513305664, 29.743167877197266, 28.1595458984375, 26.94351577758789, 25.693471908569336, 24.506345748901367, 23.34312629699707, 22.46014976501465, 21.6426944732666, 20.8824405670166, 20.36147117614746, 19.902652740478516, 19.536346435546875, 19.24174690246582, 18.938304901123047, 18.667522430419922, 18.459213256835938, 18.268115997314453, 18.0045108795166, 17.805702209472656, 17.574504852294922, 17.44523048400879, 17.289901733398438, 17.210880279541016, 17.03791046142578, 16.823518753051758, 16.768474578857422, 16.641864776611328, 16.551721572875977, 16.446741104125977, 16.311635971069336, 16.20198631286621, 16.0510196685791, 16.00704574584961, 15.847527503967285, 15.803838729858398, 15.69957160949707, 15.580426216125488, 15.485076904296875], "val_loss": [0.012447497807443142, 0.008391618728637695, 0.00779261440038681, 0.0076253279112279415, 0.006705462001264095, 0.00649360753595829, 0.005917036905884743, 0.005543355830013752, 0.005154815036803484, 0.004961472470313311, 0.004659933038055897, 0.004485276527702808, 0.004516706336289644, 0.004439320880919695, 0.00423059007152915, 0.00413980707526207, 0.004264844581484795, 0.004125757608562708, 0.004020605236291885, 0.004127438645809889, 0.003785312408581376, 0.003998656291514635, 0.0038860708009451628, 0.0038008082192391157, 0.003801601706072688, 0.003811209462583065, 0.0035940674133598804, 0.003593467641621828, 0.0036595312412828207, 0.003468521637842059, 0.003467732574790716, 0.0035495832562446594, 0.0035136293154209852, 0.0034768502227962017, 0.003529379377141595, 0.0033357117790728807, 0.0033197314478456974, 0.0032374111469835043, 0.0032550364267081022, 0.0032251705415546894], "val_mean_absolute_percentage_error": [18726.798828125, 14862.046875, 13210.5009765625, 12855.6689453125, 12095.87109375, 11116.1318359375, 10747.5009765625, 9710.5478515625, 9034.8203125, 8082.333984375, 7365.3740234375, 7811.421875, 7662.91259765625, 7320.17626953125, 7043.66259765625, 7004.30322265625, 7399.89208984375, 6897.375, 7651.9716796875, 7660.0458984375, 6995.8837890625, 7102.66259765625, 7145.8779296875, 6974.0537109375, 7095.14599609375, 6829.62548828125, 6994.2138671875, 6597.37939453125, 6982.3671875, 6335.8388671875, 6262.8662109375, 6384.318359375, 6725.5751953125, 6474.6787109375, 6803.34765625, 6433.67822265625, 6320.25830078125, 5851.255859375, 6054.4072265625, 5968.31982421875]}