{"loss": [0.03178871423006058, 0.014573694206774235, 0.009334869682788849, 0.008314358070492744, 0.007834614254534245, 0.007519917096942663, 0.0071196043863892555, 0.006651235744357109, 0.006238659843802452, 0.005902401637285948, 0.005633275490254164, 0.0053955125622451305, 0.0052238889038562775, 0.0050604743883013725, 0.004909278359264135, 0.004785985220223665, 0.00468162726610899, 0.0045743901282548904, 0.00450925575569272, 0.004445504397153854, 0.0043947733938694, 0.004344809800386429, 0.004293361213058233, 0.004252964165061712, 0.004213543608784676, 0.00416605593636632, 0.004125755745917559, 0.004091789945960045, 0.004052250646054745, 0.004024248104542494, 0.003985837567597628, 0.003961177077144384, 0.003934248350560665, 0.003895530477166176, 0.0038871720898896456, 0.0038517778739333153, 0.0038283139001578093, 0.003818885190412402, 0.0038014501333236694, 0.0037786727771162987], "mean_absolute_percentage_error": [57.036468505859375, 42.822853088378906, 31.58356475830078, 29.99269676208496, 29.13194465637207, 28.394567489624023, 27.272050857543945, 25.77046012878418, 24.419017791748047, 23.485490798950195, 22.8455753326416, 22.32972526550293, 21.95699691772461, 21.54408073425293, 21.13878059387207, 20.814014434814453, 20.51551628112793, 20.205869674682617, 20.00287437438965, 19.80828285217285, 19.63237953186035, 19.512590408325195, 19.35379981994629, 19.229419708251953, 19.1060733795166, 18.981828689575195, 18.840627670288086, 18.75357437133789, 18.640399932861328, 18.535907745361328, 18.4163761138916, 18.349773406982422, 18.246517181396484, 18.139883041381836, 18.096872329711914, 18.007606506347656, 17.926403045654297, 17.887062072753906, 17.817716598510742, 17.749683380126953], "val_loss": [0.01841951720416546, 0.01012109313160181, 0.009426900185644627, 0.00822789128869772, 0.00843039434403181, 0.007909392938017845, 0.007508743088692427, 0.0069880178198218346, 0.006851170212030411, 0.006431237328797579, 0.006180405616760254, 0.006129276938736439, 0.005814685486257076, 0.005815532058477402, 0.005523979663848877, 0.0056648291647434235, 0.005383152049034834, 0.005607353989034891, 0.0052642361260950565, 0.00539507158100605, 0.005418209824711084, 0.005222484935075045, 0.0051885261200368404, 0.005070370621979237, 0.005231625400483608, 0.005068435333669186, 0.005202196538448334, 0.005205732770264149, 0.005033876281231642, 0.0050805676728487015, 0.004889649339020252, 0.0050262100994586945, 0.004928607027977705, 0.0048585436306893826, 0.00480457441881299, 0.004799342714250088, 0.004704417195171118, 0.004870681557804346, 0.004669796675443649, 0.0047853258438408375], "val_mean_absolute_percentage_error": [24528.740234375, 18100.93359375, 15901.701171875, 13093.1982421875, 13220.5361328125, 11794.9912109375, 10312.412109375, 9368.6416015625, 8868.7236328125, 8405.8095703125, 8771.419921875, 8845.837890625, 8415.064453125, 7790.84814453125, 7124.3837890625, 7210.02978515625, 6531.55517578125, 6402.10693359375, 6036.767578125, 5904.58642578125, 6177.50732421875, 5662.30322265625, 5878.73876953125, 5822.24462890625, 5778.68212890625, 5643.6064453125, 5964.1220703125, 6222.568359375, 5663.19482421875, 6048.5869140625, 6061.1474609375, 6040.59619140625, 6185.5791015625, 5894.890625, 6070.76171875, 6215.20556640625, 6049.40283203125, 6338.95263671875, 6195.4169921875, 6286.2900390625]}