{"loss": [0.030351638793945312, 0.011734682135283947, 0.009097837843000889, 0.008076095953583717, 0.007692089769989252, 0.0073994058184325695, 0.006991351954638958, 0.006582880392670631, 0.006238911766558886, 0.005896781105548143, 0.005584459751844406, 0.005354528781026602, 0.005179812200367451, 0.005033714696764946, 0.004899348597973585, 0.004795309621840715, 0.00468858890235424, 0.004588533658534288, 0.0044949552975595, 0.004428866785019636, 0.004370247013866901, 0.004312100354582071, 0.004277517087757587, 0.0042317635379731655, 0.0041914829052984715, 0.004162879660725594, 0.004140414297580719, 0.004106028936803341, 0.004076151642948389, 0.00405540456995368, 0.004030673764646053, 0.00400199368596077, 0.0039836568757891655, 0.003961485344916582, 0.003930197563022375, 0.003920822869986296, 0.003911143634468317, 0.0038887164555490017, 0.0038689980283379555, 0.003845406696200371], "mean_absolute_percentage_error": [56.23781967163086, 36.88825607299805, 31.240615844726562, 29.642702102661133, 28.83855438232422, 28.099069595336914, 26.868688583374023, 25.555727005004883, 24.49427032470703, 23.581584930419922, 22.864526748657227, 22.330591201782227, 21.91099739074707, 21.569782257080078, 21.21528434753418, 20.939807891845703, 20.58686637878418, 20.325031280517578, 20.0361270904541, 19.830625534057617, 19.657459259033203, 19.486845016479492, 19.3400821685791, 19.209457397460938, 19.099842071533203, 18.980785369873047, 18.910337448120117, 18.794767379760742, 18.69253921508789, 18.604778289794922, 18.5360164642334, 18.430437088012695, 18.376901626586914, 18.3079833984375, 18.208833694458008, 18.14588165283203, 18.113527297973633, 18.03803062438965, 17.981103897094727, 17.899526596069336], "val_loss": [0.015699326992034912, 0.009778997860848904, 0.008761629462242126, 0.008294621482491493, 0.008191742934286594, 0.007567471358925104, 0.007621399126946926, 0.006829678080976009, 0.006711726076900959, 0.006221928168088198, 0.005953813903033733, 0.005807448178529739, 0.005722621455788612, 0.005610857158899307, 0.005554245784878731, 0.005316837225109339, 0.005462218541651964, 0.005271378438919783, 0.0050269621424376965, 0.005083741620182991, 0.00518000777810812, 0.005093183368444443, 0.005048319697380066, 0.004945265594869852, 0.004831766244024038, 0.00504227913916111, 0.004974590614438057, 0.004996674135327339, 0.004844184499233961, 0.004944571293890476, 0.004873902071267366, 0.004748992156237364, 0.004747445695102215, 0.004757710266858339, 0.0048075271770358086, 0.004798186011612415, 0.00481063686311245, 0.004669054877012968, 0.004633148666471243, 0.004673069342970848], "val_mean_absolute_percentage_error": [24063.142578125, 17187.26171875, 14266.01953125, 12370.025390625, 12001.3212890625, 11053.8271484375, 10020.5751953125, 9223.4541015625, 9073.8896484375, 9111.6494140625, 8603.1591796875, 8439.3076171875, 8423.9638671875, 8207.2314453125, 7880.8955078125, 7119.64453125, 7111.4521484375, 6818.740234375, 6224.2421875, 6038.24755859375, 6177.94482421875, 6248.9560546875, 5923.52294921875, 5909.89794921875, 5723.67138671875, 6003.93359375, 5949.94921875, 5933.2314453125, 5984.9453125, 6162.6943359375, 6117.9169921875, 6091.51220703125, 5984.53955078125, 6224.38818359375, 6186.95068359375, 6264.0068359375, 6169.65234375, 6216.30615234375, 6091.8642578125, 5859.0087890625]}