{"loss": [0.023253165185451508, 0.00800344254821539, 0.006412162445485592, 0.005363574251532555, 0.004623726010322571, 0.00415789382532239, 0.0037946002557873726, 0.0034646124113351107, 0.0032873807940632105, 0.0030815096106380224, 0.002933748299255967, 0.002752027241513133, 0.0026505233254283667, 0.0024887302424758673, 0.0023465214762836695, 0.002228004625067115, 0.00214380887337029, 0.0020508982706815004, 0.0020011381711810827, 0.001920968876220286, 0.0018554982962086797, 0.0018039372516795993, 0.0017613312229514122, 0.0017473578918725252, 0.001691240700893104, 0.0016591071616858244, 0.00162380316760391, 0.0015799026004970074, 0.0015414750669151545, 0.0015503553440794349, 0.0015178282046690583, 0.0014710465911775827, 0.0014649357181042433, 0.0014479029923677444, 0.0014260560274124146, 0.0014096165541559458, 0.0014072819612920284, 0.0013990802690386772, 0.0013875156873837113, 0.0013415677240118384], "mean_absolute_percentage_error": [44.30465316772461, 29.16292953491211, 25.79633331298828, 23.247243881225586, 21.325469970703125, 19.909072875976562, 18.854507446289062, 17.87252426147461, 17.302160263061523, 16.648075103759766, 16.23772621154785, 15.666828155517578, 15.300446510314941, 14.745153427124023, 14.376688003540039, 13.99335765838623, 13.642797470092773, 13.293768882751465, 13.103734016418457, 12.79224681854248, 12.562664985656738, 12.393693923950195, 12.206341743469238, 12.124988555908203, 11.946444511413574, 11.748208045959473, 11.646492958068848, 11.468685150146484, 11.348369598388672, 11.291547775268555, 11.200972557067871, 11.0252103805542, 10.94694995880127, 10.874125480651855, 10.786469459533691, 10.738492965698242, 10.699186325073242, 10.657238006591797, 10.578021049499512, 10.424642562866211], "val_loss": [0.006695264484733343, 0.005275753326714039, 0.004648356698453426, 0.0037853007670491934, 0.0031154199969023466, 0.003293197602033615, 0.0026585690211504698, 0.0030856633093208075, 0.0025423418264836073, 0.00243208440952003, 0.0022663569543510675, 0.002191948937252164, 0.0020369533449411392, 0.0019289874471724033, 0.0018093585968017578, 0.0016957251355051994, 0.0016570760635659099, 0.0015651413705199957, 0.0016069946577772498, 0.001539890537969768, 0.0014086173614487052, 0.0014214421389624476, 0.0016201683320105076, 0.0013400909956544638, 0.001294137560762465, 0.0015019462443888187, 0.001364625757560134, 0.0012410792987793684, 0.0012829089537262917, 0.0012891435762867332, 0.001268148422241211, 0.001376124913804233, 0.0013108320999890566, 0.0013408282538875937, 0.0011714792344719172, 0.0012842343421652913, 0.0012794643407687545, 0.0011968499748036265, 0.0013298224657773972, 0.0012268825666978955], "val_mean_absolute_percentage_error": [13858.6708984375, 12770.2412109375, 12362.5068359375, 10553.9501953125, 8954.953125, 9417.7861328125, 7948.38525390625, 8579.98046875, 7942.1826171875, 8908.89453125, 7410.66650390625, 7436.89013671875, 7593.37744140625, 7251.92333984375, 7030.38623046875, 7486.2724609375, 6409.3115234375, 6421.22607421875, 6552.93359375, 6065.44091796875, 6415.59228515625, 5396.9921875, 5472.6298828125, 5438.9921875, 5775.6796875, 5909.330078125, 5444.25732421875, 6183.15673828125, 5953.04833984375, 5713.76416015625, 5514.55126953125, 5265.6630859375, 5427.05615234375, 5538.22216796875, 5518.98095703125, 5649.22314453125, 5435.861328125, 5625.673828125, 5271.27099609375, 5582.26904296875]}