{"loss": [0.03300102800130844, 0.011004109866917133, 0.008896074257791042, 0.008090515621006489, 0.00758783333003521, 0.007266208063811064, 0.006974459625780582, 0.006593515630811453, 0.00626740138977766, 0.005963726434856653, 0.005686937365680933, 0.005424181465059519, 0.005187158472836018, 0.0049715545028448105, 0.004778698552399874, 0.004634829703718424, 0.004530014935880899, 0.0044251722283661366, 0.004332003649324179, 0.00426813680678606, 0.004206332843750715, 0.0041379667818546295, 0.00410051504150033, 0.004054509103298187, 0.004013532772660255, 0.003964775707572699, 0.003928502555936575, 0.0038861751090735197, 0.003842563135549426, 0.0038140462711453438, 0.0037753754295408726, 0.00372833083383739, 0.0037119281478226185, 0.003686488838866353, 0.003647694131359458, 0.0036312113516032696, 0.0036037310492247343, 0.0035777187440544367, 0.0035623381845653057, 0.0035399403423070908], "mean_absolute_percentage_error": [56.17827224731445, 35.29898452758789, 30.913415908813477, 29.569034576416016, 28.667238235473633, 27.907114028930664, 27.09490203857422, 25.996768951416016, 24.923261642456055, 24.01239013671875, 23.205015182495117, 22.566896438598633, 21.999210357666016, 21.468658447265625, 21.01119613647461, 20.65837287902832, 20.325700759887695, 20.0341796875, 19.792753219604492, 19.55504035949707, 19.369169235229492, 19.198684692382812, 19.047502517700195, 18.87938690185547, 18.782058715820312, 18.62889862060547, 18.512495040893555, 18.385820388793945, 18.26308250427246, 18.142959594726562, 18.070621490478516, 17.917213439941406, 17.840673446655273, 17.763702392578125, 17.64752960205078, 17.577556610107422, 17.495283126831055, 17.41591453552246, 17.34086799621582, 17.249671936035156], "val_loss": [0.014771836809813976, 0.009881601668894291, 0.008963707834482193, 0.008503871969878674, 0.0080184955149889, 0.00788761768490076, 0.007743670139461756, 0.007052074186503887, 0.007205743808299303, 0.006514781154692173, 0.006170298438519239, 0.005737833678722382, 0.005687962286174297, 0.00564250024035573, 0.005805587396025658, 0.0051810285076498985, 0.005190316122025251, 0.0053801764734089375, 0.0053184255957603455, 0.004994114860892296, 0.005030518863350153, 0.004792299587279558, 0.0049387142062187195, 0.004942282568663359, 0.004962739069014788, 0.005104443058371544, 0.004850131459534168, 0.004853889346122742, 0.0046541523188352585, 0.004545825999230146, 0.004518222063779831, 0.004511404782533646, 0.004586774855852127, 0.0045895762741565704, 0.004631416406482458, 0.004369288217276335, 0.004623978864401579, 0.004484695848077536, 0.0044031464494764805, 0.004262550268322229], "val_mean_absolute_percentage_error": [21452.64453125, 16402.677734375, 14864.908203125, 13322.2021484375, 12100.2529296875, 11646.6015625, 10958.912109375, 9651.5322265625, 9646.6845703125, 8931.55859375, 7667.5927734375, 8022.90185546875, 7837.5888671875, 7638.306640625, 7591.01416015625, 6906.02685546875, 7139.884765625, 7050.3896484375, 6745.53759765625, 6358.7421875, 6296.7021484375, 5963.6337890625, 5863.705078125, 6391.892578125, 6159.29541015625, 6013.01708984375, 5704.68115234375, 6098.13232421875, 5922.03076171875, 5715.9814453125, 5946.0625, 5595.369140625, 6333.24560546875, 5947.31787109375, 6063.14404296875, 5918.4208984375, 6355.70361328125, 5826.81982421875, 6170.25390625, 5727.63037109375]}