{"loss": [0.032219476997852325, 0.01044040359556675, 0.008791431784629822, 0.007971950806677341, 0.00743385823443532, 0.007058265618979931, 0.006669214460998774, 0.006321406457573175, 0.00605405680835247, 0.005842701997607946, 0.00563428271561861, 0.0054278019815683365, 0.005241360981017351, 0.005083921365439892, 0.004922475200146437, 0.004779719281941652, 0.004681771155446768, 0.0045457566156983376, 0.004454709589481354, 0.004345713648945093, 0.004264586139470339, 0.00418050866574049, 0.004113997798413038, 0.004053284879773855, 0.004007406998425722, 0.003952740225940943, 0.003908321261405945, 0.00386800616979599, 0.003821673570200801, 0.0037698508240282536, 0.0037425535265356302, 0.0037004034966230392, 0.0036768862046301365, 0.003653489053249359, 0.003609299659729004, 0.003599134273827076, 0.0035520223900675774, 0.0035341845359653234, 0.0034987996332347393, 0.0034706280566751957], "mean_absolute_percentage_error": [54.46200180053711, 33.984657287597656, 30.7399845123291, 29.274309158325195, 28.233604431152344, 27.284231185913086, 26.114093780517578, 25.040180206298828, 24.20148277282715, 23.57988166809082, 23.016172409057617, 22.446550369262695, 22.042739868164062, 21.683902740478516, 21.359066009521484, 21.03249168395996, 20.80379295349121, 20.442440032958984, 20.18368148803711, 19.86652183532715, 19.592002868652344, 19.36043357849121, 19.13063621520996, 18.950763702392578, 18.79507827758789, 18.646697998046875, 18.479516983032227, 18.358247756958008, 18.25991439819336, 18.088472366333008, 17.991695404052734, 17.872079849243164, 17.816499710083008, 17.71562957763672, 17.603843688964844, 17.551013946533203, 17.459325790405273, 17.348873138427734, 17.239309310913086, 17.194398880004883], "val_loss": [0.012884804978966713, 0.00967085175216198, 0.00865561980754137, 0.008054394274950027, 0.007868056185543537, 0.007527422159910202, 0.0073031773790717125, 0.006867915857583284, 0.006488955579698086, 0.006430190522223711, 0.006069120019674301, 0.006038394756615162, 0.0059214308857917786, 0.00559876998886466, 0.005614998750388622, 0.005358985159546137, 0.005419381894171238, 0.00520722521468997, 0.0048693204298615456, 0.004891455173492432, 0.004932043608278036, 0.004960449878126383, 0.004690523725003004, 0.004780685529112816, 0.00471472879871726, 0.004758080001920462, 0.004686193540692329, 0.00452516321092844, 0.004414684139192104, 0.004550447221845388, 0.004470855928957462, 0.004262803588062525, 0.004524804651737213, 0.0044800275936722755, 0.0043279561214149, 0.004383865278214216, 0.004279861692339182, 0.0041223508305847645, 0.004186693578958511, 0.004111246205866337], "val_mean_absolute_percentage_error": [20343.00390625, 16028.35546875, 13319.1728515625, 12387.6298828125, 11938.2861328125, 11409.8154296875, 10618.7255859375, 9824.6904296875, 9315.3447265625, 9564.0751953125, 8701.625, 8832.5439453125, 8803.98046875, 8937.8447265625, 8989.294921875, 8191.38671875, 8113.24365234375, 7733.0986328125, 7284.46875, 6993.02685546875, 6882.96484375, 6680.77001953125, 6168.7958984375, 5918.294921875, 6023.046875, 6104.83935546875, 5973.8203125, 6076.45751953125, 5669.53369140625, 5819.806640625, 6076.216796875, 5499.20703125, 5851.9296875, 5993.53564453125, 5669.978515625, 5701.74267578125, 5859.49072265625, 5413.86474609375, 5750.234375, 5713.017578125]}