{"loss": [0.0230922382324934, 0.007609848398715258, 0.006041169166564941, 0.0051796226762235165, 0.00460751261562109, 0.004143716301769018, 0.0038405675441026688, 0.003673243336379528, 0.003490310860797763, 0.0033058244735002518, 0.003171131946146488, 0.0030420764815062284, 0.002960910089313984, 0.002849630080163479, 0.002741051372140646, 0.002678820164874196, 0.002531487727537751, 0.0024247693363577127, 0.0023177620023489, 0.002249788725748658, 0.002156338421627879, 0.002074652351438999, 0.0020151676144450903, 0.0019408040679991245, 0.0019033730495721102, 0.0018746837740764022, 0.001825855695642531, 0.001787512912414968, 0.0017561761196702719, 0.0017429135041311383, 0.0016806407365947962, 0.0016783196479082108, 0.001642874558456242, 0.001618192414753139, 0.0016073572915047407, 0.001589689520187676, 0.0015645707026124, 0.0015676012262701988, 0.0015258289640769362, 0.0015259365318343043], "mean_absolute_percentage_error": [45.110015869140625, 28.652420043945312, 24.964920043945312, 22.629886627197266, 21.022262573242188, 19.788272857666016, 18.89907455444336, 18.366548538208008, 17.733509063720703, 17.22649383544922, 16.8134822845459, 16.41834831237793, 16.154132843017578, 15.88412094116211, 15.538344383239746, 15.195857048034668, 14.856969833374023, 14.543473243713379, 14.213247299194336, 13.931682586669922, 13.635952949523926, 13.353273391723633, 13.126296997070312, 12.840227127075195, 12.71461296081543, 12.591876983642578, 12.384236335754395, 12.261392593383789, 12.163023948669434, 12.070732116699219, 11.868781089782715, 11.852230072021484, 11.722661018371582, 11.637337684631348, 11.574231147766113, 11.484380722045898, 11.385486602783203, 11.364250183105469, 11.248018264770508, 11.234781265258789], "val_loss": [0.0071180337108671665, 0.0054046171717345715, 0.0042633251287043095, 0.004106277134269476, 0.00364121631719172, 0.003385219257324934, 0.0032458999194204807, 0.0029334649443626404, 0.0028492941055446863, 0.0027820824179798365, 0.0026512884069234133, 0.002664396772161126, 0.0024080215953290462, 0.0025759167037904263, 0.002289176918566227, 0.0022066214587539434, 0.0020636010449379683, 0.002021040767431259, 0.0019235408399254084, 0.0018525940831750631, 0.0016400503227487206, 0.0016413324046880007, 0.0016643237322568893, 0.001635113381780684, 0.001539467484690249, 0.001597148017026484, 0.001538149663247168, 0.0015760068781673908, 0.0015022283187136054, 0.0015505722258239985, 0.001574512803927064, 0.0015987346414476633, 0.0014829720603302121, 0.0014162196312099695, 0.001513389521278441, 0.0015123614575713873, 0.0014753221767023206, 0.0015052641974762082, 0.0014346849638968706, 0.0014537327224388719], "val_mean_absolute_percentage_error": [11509.9736328125, 11824.1552734375, 10627.84375, 10065.791015625, 9213.20703125, 8785.4052734375, 8367.8232421875, 8074.2939453125, 8157.1337890625, 8244.3388671875, 8254.2412109375, 7806.38427734375, 8100.087890625, 7946.89990234375, 7855.10791015625, 7977.5751953125, 7474.37548828125, 7839.8740234375, 7538.166015625, 7216.44580078125, 7429.0126953125, 7008.98193359375, 6319.181640625, 6445.01416015625, 6464.6123046875, 6353.28076171875, 5987.93310546875, 5991.89794921875, 6439.81103515625, 5930.9345703125, 6025.19775390625, 5669.87548828125, 5801.560546875, 5939.630859375, 5404.07763671875, 5371.89599609375, 5441.85791015625, 5738.19677734375, 5409.67822265625, 5763.2861328125]}