{"loss": [0.030782584100961685, 0.012547774240374565, 0.009175373241305351, 0.008256938308477402, 0.00772964907810092, 0.0073334514163434505, 0.006913865450769663, 0.0065113273449242115, 0.00618903711438179, 0.005952299106866121, 0.005708504933863878, 0.00544388685375452, 0.005204074550420046, 0.005025326274335384, 0.0049040354788303375, 0.004781143739819527, 0.004654740449041128, 0.00456681102514267, 0.0044863116927444935, 0.004425958730280399, 0.00437491899356246, 0.0043394071981310844, 0.004295614082366228, 0.004250668454915285, 0.004221976734697819, 0.004184432793408632, 0.004152474459260702, 0.004122961312532425, 0.004106269218027592, 0.004078430123627186, 0.004054615739732981, 0.004037668462842703, 0.004008181858807802, 0.003993640188127756, 0.003963373601436615, 0.003943903837352991, 0.003919939510524273, 0.003906658384948969, 0.0038754527922719717, 0.003861979115754366], "mean_absolute_percentage_error": [56.61140823364258, 38.61982727050781, 31.417030334472656, 29.92767906188965, 28.91375732421875, 27.87395668029785, 26.518722534179688, 25.19014549255371, 24.092313766479492, 23.380168914794922, 22.785654067993164, 22.286819458007812, 21.866893768310547, 21.49613380432129, 21.162607192993164, 20.820995330810547, 20.445507049560547, 20.151086807250977, 19.902835845947266, 19.71776008605957, 19.57061767578125, 19.439346313476562, 19.324800491333008, 19.170684814453125, 19.096357345581055, 18.987409591674805, 18.891206741333008, 18.799211502075195, 18.7465877532959, 18.670705795288086, 18.591991424560547, 18.533790588378906, 18.439373016357422, 18.386503219604492, 18.296960830688477, 18.222732543945312, 18.169355392456055, 18.09279441833496, 18.00780487060547, 17.962160110473633], "val_loss": [0.018111223354935646, 0.009782355278730392, 0.009073540568351746, 0.00856410339474678, 0.008080494590103626, 0.007499266881495714, 0.007162734400480986, 0.00668933754786849, 0.006719481665641069, 0.006574597675353289, 0.0061720493249595165, 0.005996174644678831, 0.005672703962773085, 0.005740296095609665, 0.005628527142107487, 0.00556414108723402, 0.005455776117742062, 0.005223696585744619, 0.005416474770754576, 0.0052992068231105804, 0.005304909311234951, 0.0053106993436813354, 0.005156234372407198, 0.004995972849428654, 0.0051580024883151054, 0.005197583697736263, 0.00518035888671875, 0.005250233691185713, 0.004978477489203215, 0.0051108067855238914, 0.005049565806984901, 0.004980257246643305, 0.0049661207012832165, 0.004973094444721937, 0.004929170943796635, 0.0049639055505394936, 0.004868119955062866, 0.00508507015183568, 0.004962493199855089, 0.004980326164513826], "val_mean_absolute_percentage_error": [24887.869140625, 16894.392578125, 14904.4853515625, 12622.5634765625, 11936.8603515625, 9719.2255859375, 8462.119140625, 8140.46533203125, 7931.03173828125, 7907.06494140625, 8013.1943359375, 8231.4931640625, 8040.02197265625, 7594.0341796875, 7529.05810546875, 6955.04296875, 6462.10888671875, 6029.0185546875, 5965.19482421875, 5610.36669921875, 5753.484375, 5348.9453125, 5376.52978515625, 5324.34521484375, 5399.0859375, 5651.6484375, 5650.56982421875, 5777.83154296875, 5485.97119140625, 5767.2880859375, 5463.88720703125, 5318.54833984375, 5768.77978515625, 5591.765625, 5655.18603515625, 5730.1240234375, 5552.05224609375, 6026.72998046875, 6119.5234375, 5965.48779296875]}