{"loss": [0.02992732636630535, 0.008069177158176899, 0.006330184172838926, 0.005441813264042139, 0.004794131498783827, 0.00437080767005682, 0.004049839451909065, 0.0037842208985239267, 0.003618239890784025, 0.003476562211290002, 0.0033618633169680834, 0.0032296900171786547, 0.0031716881785541773, 0.003104658331722021, 0.002987711690366268, 0.0028993291780352592, 0.002808369230479002, 0.002680466277524829, 0.0025790827348828316, 0.0025010232347995043, 0.002433865563943982, 0.002364745829254389, 0.0023239469155669212, 0.0022552667651325464, 0.002220827154815197, 0.002165407408028841, 0.002135652117431164, 0.0021029128693044186, 0.002080454956740141, 0.002061482286080718, 0.0020216903649270535, 0.002018289640545845, 0.001978268614038825, 0.0019581299275159836, 0.0019425159553065896, 0.0019189984304830432, 0.0019006110960617661, 0.0018891228828579187, 0.0018781409598886967, 0.0018459558486938477], "mean_absolute_percentage_error": [50.001102447509766, 29.949968338012695, 26.000690460205078, 23.776803970336914, 22.071083068847656, 20.742786407470703, 19.700998306274414, 18.826934814453125, 18.30758285522461, 17.8322811126709, 17.370418548583984, 16.999618530273438, 16.779436111450195, 16.51601791381836, 16.21720314025879, 15.90813159942627, 15.690450668334961, 15.327640533447266, 14.99804973602295, 14.749281883239746, 14.522329330444336, 14.300363540649414, 14.10519790649414, 13.917155265808105, 13.751631736755371, 13.573264122009277, 13.458243370056152, 13.320310592651367, 13.18041706085205, 13.121500015258789, 13.00117301940918, 12.951264381408691, 12.840011596679688, 12.737119674682617, 12.660355567932129, 12.58791446685791, 12.46735668182373, 12.444552421569824, 12.43028736114502, 12.298041343688965], "val_loss": [0.008238804526627064, 0.006065108813345432, 0.004768989514559507, 0.004330376163125038, 0.0040251268073916435, 0.003603035118430853, 0.0034228498116135597, 0.0032197677064687014, 0.0034228984732180834, 0.003012316068634391, 0.0028765792958438396, 0.002736371709033847, 0.0028847791254520416, 0.0027696469333022833, 0.0025497719179838896, 0.002382531762123108, 0.0024011111818253994, 0.0021909393835812807, 0.002104399260133505, 0.0020235232077538967, 0.0019781263545155525, 0.001954328967258334, 0.0019364983309060335, 0.0018507097847759724, 0.001878008828498423, 0.0018913757521659136, 0.0018118134466931224, 0.0018142641056329012, 0.0018319218652322888, 0.0018373186467215419, 0.0017680703895166516, 0.001810044632293284, 0.0019003357738256454, 0.0017758560134097934, 0.0017158589325845242, 0.0017126054735854268, 0.0017969327745959163, 0.0017602607840672135, 0.0017103449208661914, 0.0017145989695563912], "val_mean_absolute_percentage_error": [14936.4052734375, 13286.775390625, 12989.2958984375, 12050.748046875, 11535.3740234375, 10333.6318359375, 9498.763671875, 9031.7548828125, 9316.171875, 8673.705078125, 8225.1630859375, 8356.6630859375, 8386.3056640625, 8672.388671875, 7429.67236328125, 7698.7822265625, 7346.75927734375, 7689.333984375, 7326.33056640625, 7406.0869140625, 6685.775390625, 6491.27685546875, 6483.66064453125, 6359.39111328125, 6175.10888671875, 6143.2880859375, 6055.775390625, 5823.22509765625, 6028.228515625, 5770.85791015625, 5879.2060546875, 5712.5546875, 5360.43603515625, 5875.3330078125, 5733.63134765625, 5909.01708984375, 5159.00634765625, 5760.56005859375, 5489.47705078125, 5727.125]}