{"loss": [0.02967493236064911, 0.008593498729169369, 0.0067953807301819324, 0.005951740778982639, 0.005304832011461258, 0.0048586283810436726, 0.004474605433642864, 0.004192887339740992, 0.003954614046961069, 0.0037772138603031635, 0.003668940858915448, 0.0035250033251941204, 0.0034246607683598995, 0.003292183391749859, 0.003241703612729907, 0.003169445553794503, 0.0031251925975084305, 0.0030586090870201588, 0.0029931310564279556, 0.00293893925845623, 0.0028622427489608526, 0.002809330355376005, 0.0027440220583230257, 0.002687661210075021, 0.00263302493840456, 0.0025704524014145136, 0.002532058395445347, 0.002462616888806224, 0.0024272394366562366, 0.002373411785811186, 0.0023341902997344732, 0.002301106695085764, 0.0022592488676309586, 0.002243724651634693, 0.0022033953573554754, 0.0021620276384055614, 0.002149502979591489, 0.0021349077578634024, 0.0021160882897675037, 0.0020914259366691113], "mean_absolute_percentage_error": [50.28630065917969, 30.69598960876465, 26.828659057617188, 24.917226791381836, 23.376605987548828, 22.098373413085938, 20.935062408447266, 20.045806884765625, 19.32488441467285, 18.737703323364258, 18.326274871826172, 17.928604125976562, 17.594663619995117, 17.20696449279785, 16.939470291137695, 16.75507354736328, 16.571216583251953, 16.331222534179688, 16.107149124145508, 15.929986000061035, 15.710915565490723, 15.537003517150879, 15.279192924499512, 15.153091430664062, 14.941938400268555, 14.746601104736328, 14.559326171875, 14.402539253234863, 14.27487850189209, 14.14163875579834, 13.963865280151367, 13.878168106079102, 13.720219612121582, 13.638195037841797, 13.525057792663574, 13.373666763305664, 13.331633567810059, 13.239644050598145, 13.1456298828125, 13.022383689880371], "val_loss": [0.009380040690302849, 0.006815716158598661, 0.005892913788557053, 0.005028207320719957, 0.004542553797364235, 0.0042270757257938385, 0.004010177683085203, 0.003684829920530319, 0.003541361540555954, 0.003439066931605339, 0.0032945326529443264, 0.003396483138203621, 0.0033272821456193924, 0.003080281661823392, 0.002976376796141267, 0.002933613955974579, 0.0027270172722637653, 0.002909295726567507, 0.0027467068284749985, 0.002868469338864088, 0.00266263191588223, 0.0025983562227338552, 0.0027317062485963106, 0.002572783501818776, 0.002516653388738632, 0.002583388239145279, 0.0024261113721877337, 0.002281996188685298, 0.0023265464697033167, 0.0022525491658598185, 0.0021908534690737724, 0.0021658469922840595, 0.0021901563741266727, 0.0021815344225615263, 0.002162498887628317, 0.002123376587405801, 0.002078765770420432, 0.0020736774895340204, 0.0020423501264303923, 0.0020250105299055576], "val_mean_absolute_percentage_error": [14130.7294921875, 12347.4365234375, 12771.5771484375, 11987.9345703125, 11301.283203125, 10845.8212890625, 10215.115234375, 9457.486328125, 9203.439453125, 9033.419921875, 8563.83984375, 9137.6904296875, 8152.78173828125, 7842.18896484375, 7776.4521484375, 7820.5927734375, 7661.6416015625, 7480.61669921875, 7823.61376953125, 8150.748046875, 7476.40380859375, 7797.77294921875, 7851.3828125, 7963.75, 7177.0595703125, 7538.83056640625, 7514.423828125, 7006.93017578125, 7188.0771484375, 7016.81201171875, 7218.66015625, 6927.38525390625, 6900.61083984375, 6726.88623046875, 6054.66357421875, 6769.3623046875, 6565.77001953125, 6459.94677734375, 6066.85009765625, 6449.66650390625]}